event_id,season,week,kickoff,home_team,away_team,selected_team,selected_side,provider,line_source,historical_market_line,market_price,price_available,opening_market_line,model_line,projected_selected_margin,edge_points,recommendation,actionability,confidence_score,model_suggested_units,signal_source,home_score,away_score,actual_selected_side_margin,signed_forecast_error,absolute_forecast_error,market_absolute_error,ats_result,ratings_season,ratings_target_week,ratings_source,ratings_source_label,ratings_source_url,ratings_published_at,ratings_safe_after,ratings_sha256,replay_as_of,model_version,production_code_sha256
401520277,2023,5,2023-09-28T23:30:00.000Z,Western Kentucky,Middle Tennessee,Western Kentucky,home,DraftKings,CFBD /lines archival DraftKings,-7.0,,False,-5.5,-9.6,9.6,2.6,Lean,Review Only,60,0.0,NCAAF Spread Model v0.6 Backtested Edge Window | Recommendation: Lean | Confidence: 60 | Home Tier: Historical weekly SP+ snapshot; Away Tier: Historical weekly SP+ snapshot; Home Source: Bill Connelly ESPN post-Week 4 SP+; Away Source: Bill Connelly ESPN post-Week 4 SP+,31,10,21,11.4,11.4,14.0,win,2023,5,ESPN,Bill Connelly ESPN post-Week 4 SP+,https://www.espn.com/college-football/insider/story/_/id/38478223/college-football-2023-week-4-sp%2B-rankings-takeaways,2023-09-24T09:00:00-04:00,2023-09-24T09:00:00-04:00,0233e6ee072b577c7c41c23467b53ce847c25e731390919061f2496c180b6fb5,2023-09-24T09:00:00-04:00,NCAAF v0.6 frozen production logic,943a78d33262da5cfec4b3490cf62ed35b839a1a424a2fe5f33bb23d27f8931b
401531339,2023,5,2023-09-28T23:30:00.000Z,Tulsa,Temple,Tulsa,home,DraftKings,CFBD /lines archival DraftKings,-3.0,,False,-3.5,-5.1,5.1,2.1,Lean,Review Only,58,0.0,NCAAF Spread Model v0.6 Backtested Edge Window | Recommendation: Lean | Confidence: 58 | Home Tier: Historical weekly SP+ snapshot; Away Tier: Historical weekly SP+ snapshot; Home Source: Bill Connelly ESPN post-Week 4 SP+; Away Source: Bill Connelly ESPN post-Week 4 SP+,48,26,22,16.9,16.9,19.0,win,2023,5,ESPN,Bill Connelly ESPN post-Week 4 SP+,https://www.espn.com/college-football/insider/story/_/id/38478223/college-football-2023-week-4-sp%2B-rankings-takeaways,2023-09-24T09:00:00-04:00,2023-09-24T09:00:00-04:00,0233e6ee072b577c7c41c23467b53ce847c25e731390919061f2496c180b6fb5,2023-09-24T09:00:00-04:00,NCAAF v0.6 frozen production logic,943a78d33262da5cfec4b3490cf62ed35b839a1a424a2fe5f33bb23d27f8931b
401520276,2023,5,2023-09-29T00:00:00.000Z,Sam Houston,Jacksonville State,Jacksonville State,away,DraftKings,CFBD /lines archival DraftKings,-6.5,,False,-6.5,-7.3,7.3,0.8,No Play,No Play,53,0.0,NCAAF Spread Model v0.6 Backtested Edge Window | Recommendation: No Play | Confidence: 53 | Home Tier: Historical weekly SP+ snapshot; Away Tier: Historical weekly SP+ snapshot; Home Source: Bill Connelly ESPN post-Week 4 SP+; Away Source: Bill Connelly ESPN post-Week 4 SP+,28,35,7,-0.3,0.3,0.5,win,2023,5,ESPN,Bill Connelly ESPN post-Week 4 SP+,https://www.espn.com/college-football/insider/story/_/id/38478223/college-football-2023-week-4-sp%2B-rankings-takeaways,2023-09-24T09:00:00-04:00,2023-09-24T09:00:00-04:00,0233e6ee072b577c7c41c23467b53ce847c25e731390919061f2496c180b6fb5,2023-09-24T09:00:00-04:00,NCAAF v0.6 frozen production logic,943a78d33262da5cfec4b3490cf62ed35b839a1a424a2fe5f33bb23d27f8931b
401525512,2023,5,2023-09-29T23:00:00.000Z,NC State,Louisville,Louisville,away,DraftKings,CFBD /lines archival DraftKings,-3.5,,False,-3.5,-7.2,7.2,3.7,Lean,Review Only,64,0.0,NCAAF Spread Model v0.6 Backtested Edge Window | Recommendation: Lean | Confidence: 64 | Home Tier: Historical weekly SP+ snapshot; Away Tier: Historical weekly SP+ snapshot; Home Source: Bill Connelly ESPN post-Week 4 SP+; Away Source: Bill Connelly ESPN post-Week 4 SP+,10,13,3,-4.2,4.2,0.5,loss,2023,5,ESPN,Bill Connelly ESPN post-Week 4 SP+,https://www.espn.com/college-football/insider/story/_/id/38478223/college-football-2023-week-4-sp%2B-rankings-takeaways,2023-09-24T09:00:00-04:00,2023-09-24T09:00:00-04:00,0233e6ee072b577c7c41c23467b53ce847c25e731390919061f2496c180b6fb5,2023-09-24T09:00:00-04:00,NCAAF v0.6 frozen production logic,943a78d33262da5cfec4b3490cf62ed35b839a1a424a2fe5f33bb23d27f8931b
401520278,2023,5,2023-09-30T01:00:00.000Z,UTEP,Louisiana Tech,Louisiana Tech,away,DraftKings,CFBD /lines archival DraftKings,1.0,,False,1.0,-0.5,0.5,1.5,Watch,Review Only,56,0.0,NCAAF Spread Model v0.6 Backtested Edge Window | Recommendation: Watch | Confidence: 56 | Home Tier: Historical weekly SP+ snapshot; Away Tier: Historical weekly SP+ snapshot; Home Source: Bill Connelly ESPN post-Week 4 SP+; Away Source: Bill Connelly ESPN post-Week 4 SP+,10,24,14,13.5,13.5,15.0,win,2023,5,ESPN,Bill Connelly ESPN post-Week 4 SP+,https://www.espn.com/college-football/insider/story/_/id/38478223/college-football-2023-week-4-sp%2B-rankings-takeaways,2023-09-24T09:00:00-04:00,2023-09-24T09:00:00-04:00,0233e6ee072b577c7c41c23467b53ce847c25e731390919061f2496c180b6fb5,2023-09-24T09:00:00-04:00,NCAAF v0.6 frozen production logic,943a78d33262da5cfec4b3490cf62ed35b839a1a424a2fe5f33bb23d27f8931b
401524020,2023,5,2023-09-30T01:00:00.000Z,Oregon State,Utah,Utah,away,DraftKings,CFBD /lines archival DraftKings,3.5,,False,2.5,1.5,-1.5,2.0,Lean,Review Only,58,0.0,NCAAF Spread Model v0.6 Backtested Edge Window | Recommendation: Lean | Confidence: 58 | Home Tier: Historical weekly SP+ snapshot; Away Tier: Historical weekly SP+ snapshot; Home Source: Bill Connelly ESPN post-Week 4 SP+; Away Source: Bill Connelly ESPN post-Week 4 SP+,21,7,-14,-12.5,12.5,10.5,loss,2023,5,ESPN,Bill Connelly ESPN post-Week 4 SP+,https://www.espn.com/college-football/insider/story/_/id/38478223/college-football-2023-week-4-sp%2B-rankings-takeaways,2023-09-24T09:00:00-04:00,2023-09-24T09:00:00-04:00,0233e6ee072b577c7c41c23467b53ce847c25e731390919061f2496c180b6fb5,2023-09-24T09:00:00-04:00,NCAAF v0.6 frozen production logic,943a78d33262da5cfec4b3490cf62ed35b839a1a424a2fe5f33bb23d27f8931b
401525851,2023,5,2023-09-30T02:15:00.000Z,BYU,Cincinnati,BYU,home,DraftKings,CFBD /lines archival DraftKings,2.0,,False,-2.5,-2.9,2.9,4.9,Value,Review Only,69,0.0,NCAAF Spread Model v0.6 Backtested Edge Window | Recommendation: Value | Confidence: 69 | Home Tier: Historical weekly SP+ snapshot; Away Tier: Historical weekly SP+ snapshot; Home Source: Bill Connelly ESPN post-Week 4 SP+; Away Source: Bill Connelly ESPN post-Week 4 SP+ | Guards: below backtested actionable window,35,27,8,5.1,5.1,10.0,win,2023,5,ESPN,Bill Connelly ESPN post-Week 4 SP+,https://www.espn.com/college-football/insider/story/_/id/38478223/college-football-2023-week-4-sp%2B-rankings-takeaways,2023-09-24T09:00:00-04:00,2023-09-24T09:00:00-04:00,0233e6ee072b577c7c41c23467b53ce847c25e731390919061f2496c180b6fb5,2023-09-24T09:00:00-04:00,NCAAF v0.6 frozen production logic,943a78d33262da5cfec4b3490cf62ed35b839a1a424a2fe5f33bb23d27f8931b
401520279,2023,5,2023-09-30T16:00:00.000Z,Arkansas,Texas A&M,Texas A&M,away,DraftKings,CFBD /lines archival DraftKings,-6.0,,False,-4.0,-8.3,8.3,2.3,Lean,Review Only,59,0.0,NCAAF Spread Model v0.6 Backtested Edge Window | Recommendation: Lean | Confidence: 59 | Home Tier: Historical weekly SP+ snapshot; Away Tier: Historical weekly SP+ snapshot; Home Source: Bill Connelly ESPN post-Week 4 SP+; Away Source: Bill Connelly ESPN post-Week 4 SP+,22,34,12,3.7,3.7,6.0,win,2023,5,ESPN,Bill Connelly ESPN post-Week 4 SP+,https://www.espn.com/college-football/insider/story/_/id/38478223/college-football-2023-week-4-sp%2B-rankings-takeaways,2023-09-24T09:00:00-04:00,2023-09-24T09:00:00-04:00,0233e6ee072b577c7c41c23467b53ce847c25e731390919061f2496c180b6fb5,2023-09-24T09:00:00-04:00,NCAAF v0.6 frozen production logic,943a78d33262da5cfec4b3490cf62ed35b839a1a424a2fe5f33bb23d27f8931b
401520282,2023,5,2023-09-30T16:00:00.000Z,Kentucky,Florida,Kentucky,home,DraftKings,CFBD /lines archival DraftKings,-1.5,,False,-3.5,-5.3,5.3,3.8,Lean,Review Only,65,0.0,NCAAF Spread Model v0.6 Backtested Edge Window | Recommendation: Lean | Confidence: 65 | Home Tier: Historical weekly SP+ snapshot; Away Tier: Historical weekly SP+ snapshot; Home Source: Bill Connelly ESPN post-Week 4 SP+; Away Source: Bill Connelly ESPN post-Week 4 SP+,33,14,19,13.7,13.7,17.5,win,2023,5,ESPN,Bill Connelly ESPN post-Week 4 SP+,https://www.espn.com/college-football/insider/story/_/id/38478223/college-football-2023-week-4-sp%2B-rankings-takeaways,2023-09-24T09:00:00-04:00,2023-09-24T09:00:00-04:00,0233e6ee072b577c7c41c23467b53ce847c25e731390919061f2496c180b6fb5,2023-09-24T09:00:00-04:00,NCAAF v0.6 frozen production logic,943a78d33262da5cfec4b3490cf62ed35b839a1a424a2fe5f33bb23d27f8931b
401520284,2023,5,2023-09-30T16:00:00.000Z,Minnesota,Louisiana,Louisiana,away,DraftKings,CFBD /lines archival DraftKings,11.0,,False,12.5,5.0,-5.0,6.0,Value,Review Only,74,0.0,NCAAF Spread Model v0.6 Backtested Edge Window | Recommendation: Value | Confidence: 74 | Home Tier: Historical weekly SP+ snapshot; Away Tier: Historical weekly SP+ snapshot; Home Source: Bill Connelly ESPN post-Week 4 SP+; Away Source: Bill Connelly ESPN post-Week 4 SP+ | Guards: below backtested actionable window,35,24,-11,-6.0,6.0,0.0,push,2023,5,ESPN,Bill Connelly ESPN post-Week 4 SP+,https://www.espn.com/college-football/insider/story/_/id/38478223/college-football-2023-week-4-sp%2B-rankings-takeaways,2023-09-24T09:00:00-04:00,2023-09-24T09:00:00-04:00,0233e6ee072b577c7c41c23467b53ce847c25e731390919061f2496c180b6fb5,2023-09-24T09:00:00-04:00,NCAAF v0.6 frozen production logic,943a78d33262da5cfec4b3490cf62ed35b839a1a424a2fe5f33bb23d27f8931b
401520287,2023,5,2023-09-30T16:00:00.000Z,Northwestern,Penn State,Penn State,away,DraftKings,CFBD /lines archival DraftKings,-27.0,,False,-25.5,-28.2,28.2,1.2,Watch,Review Only,54,0.0,NCAAF Spread Model v0.6 Backtested Edge Window | Recommendation: Watch | Confidence: 54 | Home Tier: Historical weekly SP+ snapshot; Away Tier: Historical weekly SP+ snapshot; Home Source: Bill Connelly ESPN post-Week 4 SP+; Away Source: Bill Connelly ESPN post-Week 4 SP+,13,41,28,-0.2,0.2,1.0,win,2023,5,ESPN,Bill Connelly ESPN post-Week 4 SP+,https://www.espn.com/college-football/insider/story/_/id/38478223/college-football-2023-week-4-sp%2B-rankings-takeaways,2023-09-24T09:00:00-04:00,2023-09-24T09:00:00-04:00,0233e6ee072b577c7c41c23467b53ce847c25e731390919061f2496c180b6fb5,2023-09-24T09:00:00-04:00,NCAAF v0.6 frozen production logic,943a78d33262da5cfec4b3490cf62ed35b839a1a424a2fe5f33bb23d27f8931b
401520292,2023,5,2023-09-30T16:00:00.000Z,UConn,Utah State,Utah State,away,DraftKings,CFBD /lines archival DraftKings,-6.0,,False,-4.5,-8.4,8.4,2.4,Lean,Review Only,59,0.0,NCAAF Spread Model v0.6 Backtested Edge Window | Recommendation: Lean | Confidence: 59 | Home Tier: Historical weekly SP+ snapshot; Away Tier: Historical weekly SP+ snapshot; Home Source: Bill Connelly ESPN post-Week 4 SP+; Away Source: Bill Connelly ESPN post-Week 4 SP+,33,34,1,-7.4,7.4,5.0,loss,2023,5,ESPN,Bill Connelly ESPN post-Week 4 SP+,https://www.espn.com/college-football/insider/story/_/id/38478223/college-football-2023-week-4-sp%2B-rankings-takeaways,2023-09-24T09:00:00-04:00,2023-09-24T09:00:00-04:00,0233e6ee072b577c7c41c23467b53ce847c25e731390919061f2496c180b6fb5,2023-09-24T09:00:00-04:00,NCAAF v0.6 frozen production logic,943a78d33262da5cfec4b3490cf62ed35b839a1a424a2fe5f33bb23d27f8931b
401524023,2023,5,2023-09-30T16:00:00.000Z,Colorado,USC,USC,away,DraftKings,CFBD /lines archival DraftKings,-21.5,,False,-17.0,-26.2,26.2,4.7,Value,Review Only,68,0.0,NCAAF Spread Model v0.6 Backtested Edge Window | Recommendation: Value | Confidence: 68 | Home Tier: Historical weekly SP+ snapshot; Away Tier: Historical weekly SP+ snapshot; Home Source: Bill Connelly ESPN post-Week 4 SP+; Away Source: Bill Connelly ESPN post-Week 4 SP+ | Guards: below backtested actionable window,41,48,7,-19.2,19.2,14.5,loss,2023,5,ESPN,Bill Connelly ESPN post-Week 4 SP+,https://www.espn.com/college-football/insider/story/_/id/38478223/college-football-2023-week-4-sp%2B-rankings-takeaways,2023-09-24T09:00:00-04:00,2023-09-24T09:00:00-04:00,0233e6ee072b577c7c41c23467b53ce847c25e731390919061f2496c180b6fb5,2023-09-24T09:00:00-04:00,NCAAF v0.6 frozen production logic,943a78d33262da5cfec4b3490cf62ed35b839a1a424a2fe5f33bb23d27f8931b
401525514,2023,5,2023-09-30T16:00:00.000Z,Syracuse,Clemson,Syracuse,home,DraftKings,CFBD /lines archival DraftKings,6.5,,False,9.0,2.0,-2.0,4.5,Value,Review Only,67,0.0,NCAAF Spread Model v0.6 Backtested Edge Window | Recommendation: Value | Confidence: 67 | Home Tier: Historical weekly SP+ snapshot; Away Tier: Historical weekly SP+ snapshot; Home Source: Bill Connelly ESPN post-Week 4 SP+; Away Source: Bill Connelly ESPN post-Week 4 SP+ | Guards: below backtested actionable window,14,31,-17,-15.0,15.0,10.5,loss,2023,5,ESPN,Bill Connelly ESPN post-Week 4 SP+,https://www.espn.com/college-football/insider/story/_/id/38478223/college-football-2023-week-4-sp%2B-rankings-takeaways,2023-09-24T09:00:00-04:00,2023-09-24T09:00:00-04:00,0233e6ee072b577c7c41c23467b53ce847c25e731390919061f2496c180b6fb5,2023-09-24T09:00:00-04:00,NCAAF v0.6 frozen production logic,943a78d33262da5cfec4b3490cf62ed35b839a1a424a2fe5f33bb23d27f8931b
401531370,2023,5,2023-09-30T16:00:00.000Z,Tulane,UAB,Tulane,home,DraftKings,CFBD /lines archival DraftKings,-21.5,,False,-21.0,-23.1,23.1,1.6,Watch,Review Only,56,0.0,NCAAF Spread Model v0.6 Backtested Edge Window | Recommendation: Watch | Confidence: 56 | Home Tier: Historical weekly SP+ snapshot; Away Tier: Historical weekly SP+ snapshot; Home Source: Bill Connelly ESPN post-Week 4 SP+; Away Source: Bill Connelly ESPN post-Week 4 SP+,35,23,12,-11.1,11.1,9.5,loss,2023,5,ESPN,Bill Connelly ESPN post-Week 4 SP+,https://www.espn.com/college-football/insider/story/_/id/38478223/college-football-2023-week-4-sp%2B-rankings-takeaways,2023-09-24T09:00:00-04:00,2023-09-24T09:00:00-04:00,0233e6ee072b577c7c41c23467b53ce847c25e731390919061f2496c180b6fb5,2023-09-24T09:00:00-04:00,NCAAF v0.6 frozen production logic,943a78d33262da5cfec4b3490cf62ed35b839a1a424a2fe5f33bb23d27f8931b
401531880,2023,5,2023-09-30T16:00:00.000Z,James Madison,South Alabama,James Madison,home,DraftKings,CFBD /lines archival DraftKings,-3.0,,False,-1.0,-3.7,3.7,0.7,No Play,No Play,52,0.0,NCAAF Spread Model v0.6 Backtested Edge Window | Recommendation: No Play | Confidence: 52 | Home Tier: Historical weekly SP+ snapshot; Away Tier: Historical weekly SP+ snapshot; Home Source: Bill Connelly ESPN post-Week 4 SP+; Away Source: Bill Connelly ESPN post-Week 4 SP+,31,23,8,4.3,4.3,5.0,win,2023,5,ESPN,Bill Connelly ESPN post-Week 4 SP+,https://www.espn.com/college-football/insider/story/_/id/38478223/college-football-2023-week-4-sp%2B-rankings-takeaways,2023-09-24T09:00:00-04:00,2023-09-24T09:00:00-04:00,0233e6ee072b577c7c41c23467b53ce847c25e731390919061f2496c180b6fb5,2023-09-24T09:00:00-04:00,NCAAF v0.6 frozen production logic,943a78d33262da5cfec4b3490cf62ed35b839a1a424a2fe5f33bb23d27f8931b
401532412,2023,5,2023-09-30T16:00:00.000Z,Akron,Buffalo,Buffalo,away,DraftKings,CFBD /lines archival DraftKings,2.5,,False,2.5,0.8,-0.8,1.7,Watch,Review Only,56,0.0,NCAAF Spread Model v0.6 Backtested Edge Window | Recommendation: Watch | Confidence: 56 | Home Tier: Historical weekly SP+ snapshot; Away Tier: Historical weekly SP+ snapshot; Home Source: Bill Connelly ESPN post-Week 4 SP+; Away Source: Bill Connelly ESPN post-Week 4 SP+,10,13,3,3.8,3.8,5.5,win,2023,5,ESPN,Bill Connelly ESPN post-Week 4 SP+,https://www.espn.com/college-football/insider/story/_/id/38478223/college-football-2023-week-4-sp%2B-rankings-takeaways,2023-09-24T09:00:00-04:00,2023-09-24T09:00:00-04:00,0233e6ee072b577c7c41c23467b53ce847c25e731390919061f2496c180b6fb5,2023-09-24T09:00:00-04:00,NCAAF v0.6 frozen production logic,943a78d33262da5cfec4b3490cf62ed35b839a1a424a2fe5f33bb23d27f8931b
401532410,2023,5,2023-09-30T17:30:00.000Z,Central Michigan,Eastern Michigan,Eastern Michigan,away,DraftKings,CFBD /lines archival DraftKings,7.5,,False,7.5,-0.1,0.1,7.6,Value,Model Play,75,0.25,NCAAF Spread Model v0.6 Backtested Edge Window | Recommendation: Value | Confidence: 75 | Home Tier: Historical weekly SP+ snapshot; Away Tier: Historical weekly SP+ snapshot; Home Source: Bill Connelly ESPN post-Week 4 SP+; Away Source: Bill Connelly ESPN post-Week 4 SP+,26,23,-3,-3.1,3.1,4.5,win,2023,5,ESPN,Bill Connelly ESPN post-Week 4 SP+,https://www.espn.com/college-football/insider/story/_/id/38478223/college-football-2023-week-4-sp%2B-rankings-takeaways,2023-09-24T09:00:00-04:00,2023-09-24T09:00:00-04:00,0233e6ee072b577c7c41c23467b53ce847c25e731390919061f2496c180b6fb5,2023-09-24T09:00:00-04:00,NCAAF v0.6 frozen production logic,943a78d33262da5cfec4b3490cf62ed35b839a1a424a2fe5f33bb23d27f8931b
401525513,2023,5,2023-09-30T18:00:00.000Z,Boston College,Virginia,Virginia,away,DraftKings,CFBD /lines archival DraftKings,3.5,,False,3.0,3.2,-3.2,0.3,No Play,No Play,51,0.0,NCAAF Spread Model v0.6 Backtested Edge Window | Recommendation: No Play | Confidence: 51 | Home Tier: Historical weekly SP+ snapshot; Away Tier: Historical weekly SP+ snapshot; Home Source: Bill Connelly ESPN post-Week 4 SP+; Away Source: Bill Connelly ESPN post-Week 4 SP+,27,24,-3,0.2,0.2,0.5,win,2023,5,ESPN,Bill Connelly ESPN post-Week 4 SP+,https://www.espn.com/college-football/insider/story/_/id/38478223/college-football-2023-week-4-sp%2B-rankings-takeaways,2023-09-24T09:00:00-04:00,2023-09-24T09:00:00-04:00,0233e6ee072b577c7c41c23467b53ce847c25e731390919061f2496c180b6fb5,2023-09-24T09:00:00-04:00,NCAAF v0.6 frozen production logic,943a78d33262da5cfec4b3490cf62ed35b839a1a424a2fe5f33bb23d27f8931b
401532413,2023,5,2023-09-30T18:30:00.000Z,Kent State,Miami (OH),Miami (OH),away,DraftKings,CFBD /lines archival DraftKings,-14.5,,False,-15.5,-15.3,15.3,0.8,No Play,No Play,53,0.0,NCAAF Spread Model v0.6 Backtested Edge Window | Recommendation: No Play | Confidence: 53 | Home Tier: Historical weekly SP+ snapshot; Away Tier: Historical weekly SP+ snapshot; Home Source: Bill Connelly ESPN post-Week 4 SP+; Away Source: Bill Connelly ESPN post-Week 4 SP+,3,23,20,4.7,4.7,5.5,win,2023,5,ESPN,Bill Connelly ESPN post-Week 4 SP+,https://www.espn.com/college-football/insider/story/_/id/38478223/college-football-2023-week-4-sp%2B-rankings-takeaways,2023-09-24T09:00:00-04:00,2023-09-24T09:00:00-04:00,0233e6ee072b577c7c41c23467b53ce847c25e731390919061f2496c180b6fb5,2023-09-24T09:00:00-04:00,NCAAF v0.6 frozen production logic,943a78d33262da5cfec4b3490cf62ed35b839a1a424a2fe5f33bb23d27f8931b
401524022,2023,5,2023-09-30T19:00:00.000Z,California,Arizona State,Arizona State,away,DraftKings,CFBD /lines archival DraftKings,12.5,,False,12.0,12.0,-12.0,0.5,No Play,No Play,52,0.0,NCAAF Spread Model v0.6 Backtested Edge Window | Recommendation: No Play | Confidence: 52 | Home Tier: Historical weekly SP+ snapshot; Away Tier: Historical weekly SP+ snapshot; Home Source: Bill Connelly ESPN post-Week 4 SP+; Away Source: Bill Connelly ESPN post-Week 4 SP+,24,21,-3,9.0,9.0,9.5,win,2023,5,ESPN,Bill Connelly ESPN post-Week 4 SP+,https://www.espn.com/college-football/insider/story/_/id/38478223/college-football-2023-week-4-sp%2B-rankings-takeaways,2023-09-24T09:00:00-04:00,2023-09-24T09:00:00-04:00,0233e6ee072b577c7c41c23467b53ce847c25e731390919061f2496c180b6fb5,2023-09-24T09:00:00-04:00,NCAAF v0.6 frozen production logic,943a78d33262da5cfec4b3490cf62ed35b839a1a424a2fe5f33bb23d27f8931b
401520280,2023,5,2023-09-30T19:30:00.000Z,Auburn,Georgia,Georgia,away,DraftKings,CFBD /lines archival DraftKings,-14.0,,False,-18.5,-14.6,14.6,0.6,No Play,No Play,52,0.0,NCAAF Spread Model v0.6 Backtested Edge Window | Recommendation: No Play | Confidence: 52 | Home Tier: Historical weekly SP+ snapshot; Away Tier: Historical weekly SP+ snapshot; Home Source: Bill Connelly ESPN post-Week 4 SP+; Away Source: Bill Connelly ESPN post-Week 4 SP+,20,27,7,-7.6,7.6,7.0,loss,2023,5,ESPN,Bill Connelly ESPN post-Week 4 SP+,https://www.espn.com/college-football/insider/story/_/id/38478223/college-football-2023-week-4-sp%2B-rankings-takeaways,2023-09-24T09:00:00-04:00,2023-09-24T09:00:00-04:00,0233e6ee072b577c7c41c23467b53ce847c25e731390919061f2496c180b6fb5,2023-09-24T09:00:00-04:00,NCAAF v0.6 frozen production logic,943a78d33262da5cfec4b3490cf62ed35b839a1a424a2fe5f33bb23d27f8931b
401520283,2023,5,2023-09-30T19:30:00.000Z,Maryland,Indiana,Maryland,home,DraftKings,CFBD /lines archival DraftKings,-14.0,,False,-14.0,-21.3,21.3,7.3,Value,Model Play,75,0.25,NCAAF Spread Model v0.6 Backtested Edge Window | Recommendation: Value | Confidence: 75 | Home Tier: Historical weekly SP+ snapshot; Away Tier: Historical weekly SP+ snapshot; Home Source: Bill Connelly ESPN post-Week 4 SP+; Away Source: Bill Connelly ESPN post-Week 4 SP+,44,17,27,5.7,5.7,13.0,win,2023,5,ESPN,Bill Connelly ESPN post-Week 4 SP+,https://www.espn.com/college-football/insider/story/_/id/38478223/college-football-2023-week-4-sp%2B-rankings-takeaways,2023-09-24T09:00:00-04:00,2023-09-24T09:00:00-04:00,0233e6ee072b577c7c41c23467b53ce847c25e731390919061f2496c180b6fb5,2023-09-24T09:00:00-04:00,NCAAF v0.6 frozen production logic,943a78d33262da5cfec4b3490cf62ed35b839a1a424a2fe5f33bb23d27f8931b
401520286,2023,5,2023-09-30T19:30:00.000Z,Nebraska,Michigan,Michigan,away,DraftKings,CFBD /lines archival DraftKings,-17.0,,False,-18.0,-22.3,22.3,5.3,Value,Review Only,71,0.0,NCAAF Spread Model v0.6 Backtested Edge Window | Recommendation: Value | Confidence: 71 | Home Tier: Historical weekly SP+ snapshot; Away Tier: Historical weekly SP+ snapshot; Home Source: Bill Connelly ESPN post-Week 4 SP+; Away Source: Bill Connelly ESPN post-Week 4 SP+ | Guards: below backtested actionable window,7,45,38,15.7,15.7,21.0,win,2023,5,ESPN,Bill Connelly ESPN post-Week 4 SP+,https://www.espn.com/college-football/insider/story/_/id/38478223/college-football-2023-week-4-sp%2B-rankings-takeaways,2023-09-24T09:00:00-04:00,2023-09-24T09:00:00-04:00,0233e6ee072b577c7c41c23467b53ce847c25e731390919061f2496c180b6fb5,2023-09-24T09:00:00-04:00,NCAAF v0.6 frozen production logic,943a78d33262da5cfec4b3490cf62ed35b839a1a424a2fe5f33bb23d27f8931b
401520289,2023,5,2023-09-30T19:30:00.000Z,Purdue,Illinois,Illinois,away,DraftKings,CFBD /lines archival DraftKings,1.0,,False,1.0,-4.6,4.6,5.6,Value,Review Only,72,0.0,NCAAF Spread Model v0.6 Backtested Edge Window | Recommendation: Value | Confidence: 72 | Home Tier: Historical weekly SP+ snapshot; Away Tier: Historical weekly SP+ snapshot; Home Source: Bill Connelly ESPN post-Week 4 SP+; Away Source: Bill Connelly ESPN post-Week 4 SP+ | Guards: below backtested actionable window,44,19,-25,-29.6,29.6,24.0,loss,2023,5,ESPN,Bill Connelly ESPN post-Week 4 SP+,https://www.espn.com/college-football/insider/story/_/id/38478223/college-football-2023-week-4-sp%2B-rankings-takeaways,2023-09-24T09:00:00-04:00,2023-09-24T09:00:00-04:00,0233e6ee072b577c7c41c23467b53ce847c25e731390919061f2496c180b6fb5,2023-09-24T09:00:00-04:00,NCAAF v0.6 frozen production logic,943a78d33262da5cfec4b3490cf62ed35b839a1a424a2fe5f33bb23d27f8931b
401525515,2023,5,2023-09-30T19:30:00.000Z,Georgia Tech,Bowling Green,Bowling Green,away,DraftKings,CFBD /lines archival DraftKings,22.0,,False,22.0,18.7,-18.7,3.3,Lean,Review Only,63,0.0,NCAAF Spread Model v0.6 Backtested Edge Window | Recommendation: Lean | Confidence: 63 | Home Tier: Historical weekly SP+ snapshot; Away Tier: Historical weekly SP+ snapshot; Home Source: Bill Connelly ESPN post-Week 4 SP+; Away Source: Bill Connelly ESPN post-Week 4 SP+,27,38,11,29.7,29.7,33.0,win,2023,5,ESPN,Bill Connelly ESPN post-Week 4 SP+,https://www.espn.com/college-football/insider/story/_/id/38478223/college-football-2023-week-4-sp%2B-rankings-takeaways,2023-09-24T09:00:00-04:00,2023-09-24T09:00:00-04:00,0233e6ee072b577c7c41c23467b53ce847c25e731390919061f2496c180b6fb5,2023-09-24T09:00:00-04:00,NCAAF v0.6 frozen production logic,943a78d33262da5cfec4b3490cf62ed35b839a1a424a2fe5f33bb23d27f8931b
401525854,2023,5,2023-09-30T19:30:00.000Z,Texas,Kansas,Texas,home,DraftKings,CFBD /lines archival DraftKings,-16.5,,False,-18.0,-19.4,19.4,2.9,Lean,Review Only,61,0.0,NCAAF Spread Model v0.6 Backtested Edge Window | Recommendation: Lean | Confidence: 61 | Home Tier: Historical weekly SP+ snapshot; Away Tier: Historical weekly SP+ snapshot; Home Source: Bill Connelly ESPN post-Week 4 SP+; Away Source: Bill Connelly ESPN post-Week 4 SP+,40,14,26,6.6,6.6,9.5,win,2023,5,ESPN,Bill Connelly ESPN post-Week 4 SP+,https://www.espn.com/college-football/insider/story/_/id/38478223/college-football-2023-week-4-sp%2B-rankings-takeaways,2023-09-24T09:00:00-04:00,2023-09-24T09:00:00-04:00,0233e6ee072b577c7c41c23467b53ce847c25e731390919061f2496c180b6fb5,2023-09-24T09:00:00-04:00,NCAAF v0.6 frozen production logic,943a78d33262da5cfec4b3490cf62ed35b839a1a424a2fe5f33bb23d27f8931b
401525855,2023,5,2023-09-30T19:30:00.000Z,Texas Tech,Houston,Texas Tech,home,DraftKings,CFBD /lines archival DraftKings,-8.5,,False,-10.0,-11.1,11.1,2.6,Lean,Review Only,60,0.0,NCAAF Spread Model v0.6 Backtested Edge Window | Recommendation: Lean | Confidence: 60 | Home Tier: Historical weekly SP+ snapshot; Away Tier: Historical weekly SP+ snapshot; Home Source: Bill Connelly ESPN post-Week 4 SP+; Away Source: Bill Connelly ESPN post-Week 4 SP+,49,28,21,9.9,9.9,12.5,win,2023,5,ESPN,Bill Connelly ESPN post-Week 4 SP+,https://www.espn.com/college-football/insider/story/_/id/38478223/college-football-2023-week-4-sp%2B-rankings-takeaways,2023-09-24T09:00:00-04:00,2023-09-24T09:00:00-04:00,0233e6ee072b577c7c41c23467b53ce847c25e731390919061f2496c180b6fb5,2023-09-24T09:00:00-04:00,NCAAF v0.6 frozen production logic,943a78d33262da5cfec4b3490cf62ed35b839a1a424a2fe5f33bb23d27f8931b
401525856,2023,5,2023-09-30T19:30:00.000Z,UCF,Baylor,UCF,home,DraftKings,CFBD /lines archival DraftKings,-12.5,,False,-11.5,-13.9,13.9,1.4,Watch,Review Only,55,0.0,NCAAF Spread Model v0.6 Backtested Edge Window | Recommendation: Watch | Confidence: 55 | Home Tier: Historical weekly SP+ snapshot; Away Tier: Historical weekly SP+ snapshot; Home Source: Bill Connelly ESPN post-Week 4 SP+; Away Source: Bill Connelly ESPN post-Week 4 SP+,35,36,-1,-14.9,14.9,13.5,loss,2023,5,ESPN,Bill Connelly ESPN post-Week 4 SP+,https://www.espn.com/college-football/insider/story/_/id/38478223/college-football-2023-week-4-sp%2B-rankings-takeaways,2023-09-24T09:00:00-04:00,2023-09-24T09:00:00-04:00,0233e6ee072b577c7c41c23467b53ce847c25e731390919061f2496c180b6fb5,2023-09-24T09:00:00-04:00,NCAAF v0.6 frozen production logic,943a78d33262da5cfec4b3490cf62ed35b839a1a424a2fe5f33bb23d27f8931b
401526836,2023,5,2023-09-30T19:30:00.000Z,Massachusetts,Arkansas State,Arkansas State,away,DraftKings,CFBD /lines archival DraftKings,1.0,,False,1.0,-0.1,0.1,1.1,Watch,Review Only,54,0.0,NCAAF Spread Model v0.6 Backtested Edge Window | Recommendation: Watch | Confidence: 54 | Home Tier: Historical weekly SP+ snapshot; Away Tier: Historical weekly SP+ snapshot; Home Source: Bill Connelly ESPN post-Week 4 SP+; Away Source: Bill Connelly ESPN post-Week 4 SP+,28,52,24,23.9,23.9,25.0,win,2023,5,ESPN,Bill Connelly ESPN post-Week 4 SP+,https://www.espn.com/college-football/insider/story/_/id/38478223/college-football-2023-week-4-sp%2B-rankings-takeaways,2023-09-24T09:00:00-04:00,2023-09-24T09:00:00-04:00,0233e6ee072b577c7c41c23467b53ce847c25e731390919061f2496c180b6fb5,2023-09-24T09:00:00-04:00,NCAAF v0.6 frozen production logic,943a78d33262da5cfec4b3490cf62ed35b839a1a424a2fe5f33bb23d27f8931b
401531424,2023,5,2023-09-30T19:30:00.000Z,Navy,South Florida,South Florida,away,DraftKings,CFBD /lines archival DraftKings,3.0,,False,4.0,1.7,-1.7,1.3,Watch,Review Only,55,0.0,NCAAF Spread Model v0.6 Backtested Edge Window | Recommendation: Watch | Confidence: 55 | Home Tier: Historical weekly SP+ snapshot; Away Tier: Historical weekly SP+ snapshot; Home Source: Bill Connelly ESPN post-Week 4 SP+; Away Source: Bill Connelly ESPN post-Week 4 SP+,30,44,14,15.7,15.7,17.0,win,2023,5,ESPN,Bill Connelly ESPN post-Week 4 SP+,https://www.espn.com/college-football/insider/story/_/id/38478223/college-football-2023-week-4-sp%2B-rankings-takeaways,2023-09-24T09:00:00-04:00,2023-09-24T09:00:00-04:00,0233e6ee072b577c7c41c23467b53ce847c25e731390919061f2496c180b6fb5,2023-09-24T09:00:00-04:00,NCAAF v0.6 frozen production logic,943a78d33262da5cfec4b3490cf62ed35b839a1a424a2fe5f33bb23d27f8931b
401531881,2023,5,2023-09-30T19:30:00.000Z,Marshall,Old Dominion,Old Dominion,away,DraftKings,CFBD /lines archival DraftKings,14.0,,False,14.0,13.5,-13.5,0.5,No Play,No Play,52,0.0,NCAAF Spread Model v0.6 Backtested Edge Window | Recommendation: No Play | Confidence: 52 | Home Tier: Historical weekly SP+ snapshot; Away Tier: Historical weekly SP+ snapshot; Home Source: Bill Connelly ESPN post-Week 4 SP+; Away Source: Bill Connelly ESPN post-Week 4 SP+,41,35,-6,7.5,7.5,8.0,win,2023,5,ESPN,Bill Connelly ESPN post-Week 4 SP+,https://www.espn.com/college-football/insider/story/_/id/38478223/college-football-2023-week-4-sp%2B-rankings-takeaways,2023-09-24T09:00:00-04:00,2023-09-24T09:00:00-04:00,0233e6ee072b577c7c41c23467b53ce847c25e731390919061f2496c180b6fb5,2023-09-24T09:00:00-04:00,NCAAF v0.6 frozen production logic,943a78d33262da5cfec4b3490cf62ed35b839a1a424a2fe5f33bb23d27f8931b
401532409,2023,5,2023-09-30T19:30:00.000Z,Western Michigan,Ball State,Western Michigan,home,DraftKings,CFBD /lines archival DraftKings,-1.5,,False,-1.0,-2.1,2.1,0.6,No Play,No Play,52,0.0,NCAAF Spread Model v0.6 Backtested Edge Window | Recommendation: No Play | Confidence: 52 | Home Tier: Historical weekly SP+ snapshot; Away Tier: Historical weekly SP+ snapshot; Home Source: Bill Connelly ESPN post-Week 4 SP+; Away Source: Bill Connelly ESPN post-Week 4 SP+,42,24,18,15.9,15.9,16.5,win,2023,5,ESPN,Bill Connelly ESPN post-Week 4 SP+,https://www.espn.com/college-football/insider/story/_/id/38478223/college-football-2023-week-4-sp%2B-rankings-takeaways,2023-09-24T09:00:00-04:00,2023-09-24T09:00:00-04:00,0233e6ee072b577c7c41c23467b53ce847c25e731390919061f2496c180b6fb5,2023-09-24T09:00:00-04:00,NCAAF v0.6 frozen production logic,943a78d33262da5cfec4b3490cf62ed35b839a1a424a2fe5f33bb23d27f8931b
401532411,2023,5,2023-09-30T19:30:00.000Z,Toledo,Northern Illinois,Toledo,home,DraftKings,CFBD /lines archival DraftKings,-13.0,,False,-12.5,-22.4,22.4,9.4,Value,Model Play,75,0.25,NCAAF Spread Model v0.6 Backtested Edge Window | Recommendation: Value | Confidence: 75 | Home Tier: Historical weekly SP+ snapshot; Away Tier: Historical weekly SP+ snapshot; Home Source: Bill Connelly ESPN post-Week 4 SP+; Away Source: Bill Connelly ESPN post-Week 4 SP+,35,33,2,-20.4,20.4,11.0,loss,2023,5,ESPN,Bill Connelly ESPN post-Week 4 SP+,https://www.espn.com/college-football/insider/story/_/id/38478223/college-football-2023-week-4-sp%2B-rankings-takeaways,2023-09-24T09:00:00-04:00,2023-09-24T09:00:00-04:00,0233e6ee072b577c7c41c23467b53ce847c25e731390919061f2496c180b6fb5,2023-09-24T09:00:00-04:00,NCAAF v0.6 frozen production logic,943a78d33262da5cfec4b3490cf62ed35b839a1a424a2fe5f33bb23d27f8931b
401520293,2023,5,2023-09-30T20:00:00.000Z,Vanderbilt,Missouri,Missouri,away,DraftKings,CFBD /lines archival DraftKings,-13.5,,False,-13.5,-14.1,14.1,0.6,No Play,No Play,52,0.0,NCAAF Spread Model v0.6 Backtested Edge Window | Recommendation: No Play | Confidence: 52 | Home Tier: Historical weekly SP+ snapshot; Away Tier: Historical weekly SP+ snapshot; Home Source: Bill Connelly ESPN post-Week 4 SP+; Away Source: Bill Connelly ESPN post-Week 4 SP+,21,38,17,2.9,2.9,3.5,win,2023,5,ESPN,Bill Connelly ESPN post-Week 4 SP+,https://www.espn.com/college-football/insider/story/_/id/38478223/college-football-2023-week-4-sp%2B-rankings-takeaways,2023-09-24T09:00:00-04:00,2023-09-24T09:00:00-04:00,0233e6ee072b577c7c41c23467b53ce847c25e731390919061f2496c180b6fb5,2023-09-24T09:00:00-04:00,NCAAF v0.6 frozen production logic,943a78d33262da5cfec4b3490cf62ed35b839a1a424a2fe5f33bb23d27f8931b
401531429,2023,5,2023-09-30T20:00:00.000Z,Memphis,Boise State,Memphis,home,DraftKings,CFBD /lines archival DraftKings,-3.5,,False,-3.5,-7.2,7.2,3.7,Lean,Review Only,64,0.0,NCAAF Spread Model v0.6 Backtested Edge Window | Recommendation: Lean | Confidence: 64 | Home Tier: Historical weekly SP+ snapshot; Away Tier: Historical weekly SP+ snapshot; Home Source: Bill Connelly ESPN post-Week 4 SP+; Away Source: Bill Connelly ESPN post-Week 4 SP+,35,32,3,-4.2,4.2,0.5,loss,2023,5,ESPN,Bill Connelly ESPN post-Week 4 SP+,https://www.espn.com/college-football/insider/story/_/id/38478223/college-football-2023-week-4-sp%2B-rankings-takeaways,2023-09-24T09:00:00-04:00,2023-09-24T09:00:00-04:00,0233e6ee072b577c7c41c23467b53ce847c25e731390919061f2496c180b6fb5,2023-09-24T09:00:00-04:00,NCAAF v0.6 frozen production logic,943a78d33262da5cfec4b3490cf62ed35b839a1a424a2fe5f33bb23d27f8931b
401532586,2023,5,2023-09-30T20:00:00.000Z,UNLV,Hawai'i,Hawai'i,away,DraftKings,CFBD /lines archival DraftKings,11.0,,False,11.0,10.7,-10.7,0.3,No Play,No Play,51,0.0,NCAAF Spread Model v0.6 Backtested Edge Window | Recommendation: No Play | Confidence: 51 | Home Tier: Historical weekly SP+ snapshot; Away Tier: Historical weekly SP+ snapshot; Home Source: Bill Connelly ESPN post-Week 4 SP+; Away Source: Bill Connelly ESPN post-Week 4 SP+,44,20,-24,-13.3,13.3,13.0,loss,2023,5,ESPN,Bill Connelly ESPN post-Week 4 SP+,https://www.espn.com/college-football/insider/story/_/id/38478223/college-football-2023-week-4-sp%2B-rankings-takeaways,2023-09-24T09:00:00-04:00,2023-09-24T09:00:00-04:00,0233e6ee072b577c7c41c23467b53ce847c25e731390919061f2496c180b6fb5,2023-09-24T09:00:00-04:00,NCAAF v0.6 frozen production logic,943a78d33262da5cfec4b3490cf62ed35b839a1a424a2fe5f33bb23d27f8931b
401532588,2023,5,2023-09-30T20:00:00.000Z,Wyoming,New Mexico,New Mexico,away,DraftKings,CFBD /lines archival DraftKings,14.0,,False,14.5,12.1,-12.1,1.9,Watch,Review Only,57,0.0,NCAAF Spread Model v0.6 Backtested Edge Window | Recommendation: Watch | Confidence: 57 | Home Tier: Historical weekly SP+ snapshot; Away Tier: Historical weekly SP+ snapshot; Home Source: Bill Connelly ESPN post-Week 4 SP+; Away Source: Bill Connelly ESPN post-Week 4 SP+,35,26,-9,3.1,3.1,5.0,win,2023,5,ESPN,Bill Connelly ESPN post-Week 4 SP+,https://www.espn.com/college-football/insider/story/_/id/38478223/college-football-2023-week-4-sp%2B-rankings-takeaways,2023-09-24T09:00:00-04:00,2023-09-24T09:00:00-04:00,0233e6ee072b577c7c41c23467b53ce847c25e731390919061f2496c180b6fb5,2023-09-24T09:00:00-04:00,NCAAF v0.6 frozen production logic,943a78d33262da5cfec4b3490cf62ed35b839a1a424a2fe5f33bb23d27f8931b
401520288,2023,5,2023-09-30T22:00:00.000Z,Ole Miss,LSU,Ole Miss,home,DraftKings,CFBD /lines archival DraftKings,2.5,,False,4.5,-2.2,2.2,4.7,Value,Review Only,68,0.0,NCAAF Spread Model v0.6 Backtested Edge Window | Recommendation: Value | Confidence: 68 | Home Tier: Historical weekly SP+ snapshot; Away Tier: Historical weekly SP+ snapshot; Home Source: Bill Connelly ESPN post-Week 4 SP+; Away Source: Bill Connelly ESPN post-Week 4 SP+ | Guards: below backtested actionable window,55,49,6,3.8,3.8,8.5,win,2023,5,ESPN,Bill Connelly ESPN post-Week 4 SP+,https://www.espn.com/college-football/insider/story/_/id/38478223/college-football-2023-week-4-sp%2B-rankings-takeaways,2023-09-24T09:00:00-04:00,2023-09-24T09:00:00-04:00,0233e6ee072b577c7c41c23467b53ce847c25e731390919061f2496c180b6fb5,2023-09-24T09:00:00-04:00,NCAAF v0.6 frozen production logic,943a78d33262da5cfec4b3490cf62ed35b839a1a424a2fe5f33bb23d27f8931b
401524024,2023,5,2023-09-30T22:30:00.000Z,Stanford,Oregon,Oregon,away,DraftKings,CFBD /lines archival DraftKings,-27.0,,False,-27.0,-31.1,31.1,4.1,Value,Review Only,66,0.0,NCAAF Spread Model v0.6 Backtested Edge Window | Recommendation: Value | Confidence: 66 | Home Tier: Historical weekly SP+ snapshot; Away Tier: Historical weekly SP+ snapshot; Home Source: Bill Connelly ESPN post-Week 4 SP+; Away Source: Bill Connelly ESPN post-Week 4 SP+ | Guards: below backtested actionable window,6,42,36,4.9,4.9,9.0,win,2023,5,ESPN,Bill Connelly ESPN post-Week 4 SP+,https://www.espn.com/college-football/insider/story/_/id/38478223/college-football-2023-week-4-sp%2B-rankings-takeaways,2023-09-24T09:00:00-04:00,2023-09-24T09:00:00-04:00,0233e6ee072b577c7c41c23467b53ce847c25e731390919061f2496c180b6fb5,2023-09-24T09:00:00-04:00,NCAAF v0.6 frozen production logic,943a78d33262da5cfec4b3490cf62ed35b839a1a424a2fe5f33bb23d27f8931b
401525852,2023,5,2023-09-30T23:00:00.000Z,Oklahoma,Iowa State,Oklahoma,home,DraftKings,CFBD /lines archival DraftKings,-20.0,,False,-20.0,-20.8,20.8,0.8,No Play,No Play,53,0.0,NCAAF Spread Model v0.6 Backtested Edge Window | Recommendation: No Play | Confidence: 53 | Home Tier: Historical weekly SP+ snapshot; Away Tier: Historical weekly SP+ snapshot; Home Source: Bill Connelly ESPN post-Week 4 SP+; Away Source: Bill Connelly ESPN post-Week 4 SP+,50,20,30,9.2,9.2,10.0,win,2023,5,ESPN,Bill Connelly ESPN post-Week 4 SP+,https://www.espn.com/college-football/insider/story/_/id/38478223/college-football-2023-week-4-sp%2B-rankings-takeaways,2023-09-24T09:00:00-04:00,2023-09-24T09:00:00-04:00,0233e6ee072b577c7c41c23467b53ce847c25e731390919061f2496c180b6fb5,2023-09-24T09:00:00-04:00,NCAAF v0.6 frozen production logic,943a78d33262da5cfec4b3490cf62ed35b839a1a424a2fe5f33bb23d27f8931b
401531414,2023,5,2023-09-30T23:00:00.000Z,Rice,East Carolina,East Carolina,away,DraftKings,CFBD /lines archival DraftKings,3.5,,False,3.0,0.9,-0.9,2.6,Lean,Review Only,60,0.0,NCAAF Spread Model v0.6 Backtested Edge Window | Recommendation: Lean | Confidence: 60 | Home Tier: Historical weekly SP+ snapshot; Away Tier: Historical weekly SP+ snapshot; Home Source: Bill Connelly ESPN post-Week 4 SP+; Away Source: Bill Connelly ESPN post-Week 4 SP+,24,17,-7,-6.1,6.1,3.5,loss,2023,5,ESPN,Bill Connelly ESPN post-Week 4 SP+,https://www.espn.com/college-football/insider/story/_/id/38478223/college-football-2023-week-4-sp%2B-rankings-takeaways,2023-09-24T09:00:00-04:00,2023-09-24T09:00:00-04:00,0233e6ee072b577c7c41c23467b53ce847c25e731390919061f2496c180b6fb5,2023-09-24T09:00:00-04:00,NCAAF v0.6 frozen production logic,943a78d33262da5cfec4b3490cf62ed35b839a1a424a2fe5f33bb23d27f8931b
401531878,2023,5,2023-09-30T23:00:00.000Z,Georgia Southern,Coastal Carolina,Coastal Carolina,away,DraftKings,CFBD /lines archival DraftKings,6.5,,False,6.5,-2.3,2.3,8.8,Value,Model Play,75,0.25,NCAAF Spread Model v0.6 Backtested Edge Window | Recommendation: Value | Confidence: 75 | Home Tier: Historical weekly SP+ snapshot; Away Tier: Historical weekly SP+ snapshot; Home Source: Bill Connelly ESPN post-Week 4 SP+; Away Source: Bill Connelly ESPN post-Week 4 SP+,38,28,-10,-12.3,12.3,3.5,loss,2023,5,ESPN,Bill Connelly ESPN post-Week 4 SP+,https://www.espn.com/college-football/insider/story/_/id/38478223/college-football-2023-week-4-sp%2B-rankings-takeaways,2023-09-24T09:00:00-04:00,2023-09-24T09:00:00-04:00,0233e6ee072b577c7c41c23467b53ce847c25e731390919061f2496c180b6fb5,2023-09-24T09:00:00-04:00,NCAAF v0.6 frozen production logic,943a78d33262da5cfec4b3490cf62ed35b839a1a424a2fe5f33bb23d27f8931b
401531879,2023,5,2023-09-30T23:00:00.000Z,Georgia State,Troy,Georgia State,home,DraftKings,CFBD /lines archival DraftKings,-1.5,,False,-1.5,-3.1,3.1,1.6,Watch,Review Only,56,0.0,NCAAF Spread Model v0.6 Backtested Edge Window | Recommendation: Watch | Confidence: 56 | Home Tier: Historical weekly SP+ snapshot; Away Tier: Historical weekly SP+ snapshot; Home Source: Bill Connelly ESPN post-Week 4 SP+; Away Source: Bill Connelly ESPN post-Week 4 SP+,7,28,-21,-24.1,24.1,22.5,loss,2023,5,ESPN,Bill Connelly ESPN post-Week 4 SP+,https://www.espn.com/college-football/insider/story/_/id/38478223/college-football-2023-week-4-sp%2B-rankings-takeaways,2023-09-24T09:00:00-04:00,2023-09-24T09:00:00-04:00,0233e6ee072b577c7c41c23467b53ce847c25e731390919061f2496c180b6fb5,2023-09-24T09:00:00-04:00,NCAAF v0.6 frozen production logic,943a78d33262da5cfec4b3490cf62ed35b839a1a424a2fe5f33bb23d27f8931b
401531883,2023,5,2023-09-30T23:00:00.000Z,Southern Miss,Texas State,Southern Miss,home,DraftKings,CFBD /lines archival DraftKings,5.0,,False,7.0,3.1,-3.1,1.9,Watch,Review Only,57,0.0,NCAAF Spread Model v0.6 Backtested Edge Window | Recommendation: Watch | Confidence: 57 | Home Tier: Historical weekly SP+ snapshot; Away Tier: Historical weekly SP+ snapshot; Home Source: Bill Connelly ESPN post-Week 4 SP+; Away Source: Bill Connelly ESPN post-Week 4 SP+,36,50,-14,-10.9,10.9,9.0,loss,2023,5,ESPN,Bill Connelly ESPN post-Week 4 SP+,https://www.espn.com/college-football/insider/story/_/id/38478223/college-football-2023-week-4-sp%2B-rankings-takeaways,2023-09-24T09:00:00-04:00,2023-09-24T09:00:00-04:00,0233e6ee072b577c7c41c23467b53ce847c25e731390919061f2496c180b6fb5,2023-09-24T09:00:00-04:00,NCAAF v0.6 frozen production logic,943a78d33262da5cfec4b3490cf62ed35b839a1a424a2fe5f33bb23d27f8931b
401520281,2023,5,2023-09-30T23:30:00.000Z,Iowa,Michigan State,Michigan State,away,DraftKings,CFBD /lines archival DraftKings,12.5,,False,11.5,8.0,-8.0,4.5,Value,Review Only,68,0.0,NCAAF Spread Model v0.6 Backtested Edge Window | Recommendation: Value | Confidence: 68 | Home Tier: Historical weekly SP+ snapshot; Away Tier: Historical weekly SP+ snapshot; Home Source: Bill Connelly ESPN post-Week 4 SP+; Away Source: Bill Connelly ESPN post-Week 4 SP+ | Guards: below backtested actionable window,26,16,-10,-2.0,2.0,2.5,win,2023,5,ESPN,Bill Connelly ESPN post-Week 4 SP+,https://www.espn.com/college-football/insider/story/_/id/38478223/college-football-2023-week-4-sp%2B-rankings-takeaways,2023-09-24T09:00:00-04:00,2023-09-24T09:00:00-04:00,0233e6ee072b577c7c41c23467b53ce847c25e731390919061f2496c180b6fb5,2023-09-24T09:00:00-04:00,NCAAF v0.6 frozen production logic,943a78d33262da5cfec4b3490cf62ed35b839a1a424a2fe5f33bb23d27f8931b
401520291,2023,5,2023-09-30T23:30:00.000Z,Tennessee,South Carolina,Tennessee,home,DraftKings,CFBD /lines archival DraftKings,-12.5,,False,-13.0,-14.1,14.1,1.6,Watch,Review Only,56,0.0,NCAAF Spread Model v0.6 Backtested Edge Window | Recommendation: Watch | Confidence: 56 | Home Tier: Historical weekly SP+ snapshot; Away Tier: Historical weekly SP+ snapshot; Home Source: Bill Connelly ESPN post-Week 4 SP+; Away Source: Bill Connelly ESPN post-Week 4 SP+,41,20,21,6.9,6.9,8.5,win,2023,5,ESPN,Bill Connelly ESPN post-Week 4 SP+,https://www.espn.com/college-football/insider/story/_/id/38478223/college-football-2023-week-4-sp%2B-rankings-takeaways,2023-09-24T09:00:00-04:00,2023-09-24T09:00:00-04:00,0233e6ee072b577c7c41c23467b53ce847c25e731390919061f2496c180b6fb5,2023-09-24T09:00:00-04:00,NCAAF v0.6 frozen production logic,943a78d33262da5cfec4b3490cf62ed35b839a1a424a2fe5f33bb23d27f8931b
401525438,2023,5,2023-09-30T23:30:00.000Z,Duke,Notre Dame,Duke,home,DraftKings,CFBD /lines archival DraftKings,5.5,,False,6.5,2.6,-2.6,2.9,Lean,Review Only,61,0.0,NCAAF Spread Model v0.6 Backtested Edge Window | Recommendation: Lean | Confidence: 61 | Home Tier: Historical weekly SP+ snapshot; Away Tier: Historical weekly SP+ snapshot; Home Source: Bill Connelly ESPN post-Week 4 SP+; Away Source: Bill Connelly ESPN post-Week 4 SP+,14,21,-7,-4.4,4.4,1.5,loss,2023,5,ESPN,Bill Connelly ESPN post-Week 4 SP+,https://www.espn.com/college-football/insider/story/_/id/38478223/college-football-2023-week-4-sp%2B-rankings-takeaways,2023-09-24T09:00:00-04:00,2023-09-24T09:00:00-04:00,0233e6ee072b577c7c41c23467b53ce847c25e731390919061f2496c180b6fb5,2023-09-24T09:00:00-04:00,NCAAF v0.6 frozen production logic,943a78d33262da5cfec4b3490cf62ed35b839a1a424a2fe5f33bb23d27f8931b
401531404,2023,5,2023-09-30T23:30:00.000Z,SMU,Charlotte,Charlotte,away,DraftKings,CFBD /lines archival DraftKings,23.5,,False,23.0,23.5,-23.5,0.0,No Play,No Play,50,0.0,NCAAF Spread Model v0.6 Backtested Edge Window | Recommendation: No Play | Confidence: 50 | Home Tier: Historical weekly SP+ snapshot; Away Tier: Historical weekly SP+ snapshot; Home Source: Bill Connelly ESPN post-Week 4 SP+; Away Source: Bill Connelly ESPN post-Week 4 SP+,34,16,-18,5.5,5.5,5.5,win,2023,5,ESPN,Bill Connelly ESPN post-Week 4 SP+,https://www.espn.com/college-football/insider/story/_/id/38478223/college-football-2023-week-4-sp%2B-rankings-takeaways,2023-09-24T09:00:00-04:00,2023-09-24T09:00:00-04:00,0233e6ee072b577c7c41c23467b53ce847c25e731390919061f2496c180b6fb5,2023-09-24T09:00:00-04:00,NCAAF v0.6 frozen production logic,943a78d33262da5cfec4b3490cf62ed35b839a1a424a2fe5f33bb23d27f8931b
401525516,2023,5,2023-10-01T00:00:00.000Z,Virginia Tech,Pittsburgh,Pittsburgh,away,DraftKings,CFBD /lines archival DraftKings,-2.5,,False,-2.5,-5.7,5.7,3.2,Lean,Review Only,62,0.0,NCAAF Spread Model v0.6 Backtested Edge Window | Recommendation: Lean | Confidence: 62 | Home Tier: Historical weekly SP+ snapshot; Away Tier: Historical weekly SP+ snapshot; Home Source: Bill Connelly ESPN post-Week 4 SP+; Away Source: Bill Connelly ESPN post-Week 4 SP+,38,21,-17,-22.7,22.7,19.5,loss,2023,5,ESPN,Bill Connelly ESPN post-Week 4 SP+,https://www.espn.com/college-football/insider/story/_/id/38478223/college-football-2023-week-4-sp%2B-rankings-takeaways,2023-09-24T09:00:00-04:00,2023-09-24T09:00:00-04:00,0233e6ee072b577c7c41c23467b53ce847c25e731390919061f2496c180b6fb5,2023-09-24T09:00:00-04:00,NCAAF v0.6 frozen production logic,943a78d33262da5cfec4b3490cf62ed35b839a1a424a2fe5f33bb23d27f8931b
401525853,2023,5,2023-10-01T00:00:00.000Z,TCU,West Virginia,TCU,home,DraftKings,CFBD /lines archival DraftKings,-12.5,,False,-10.5,-14.0,14.0,1.5,Watch,Review Only,56,0.0,NCAAF Spread Model v0.6 Backtested Edge Window | Recommendation: Watch | Confidence: 56 | Home Tier: Historical weekly SP+ snapshot; Away Tier: Historical weekly SP+ snapshot; Home Source: Bill Connelly ESPN post-Week 4 SP+; Away Source: Bill Connelly ESPN post-Week 4 SP+,21,24,-3,-17.0,17.0,15.5,loss,2023,5,ESPN,Bill Connelly ESPN post-Week 4 SP+,https://www.espn.com/college-football/insider/story/_/id/38478223/college-football-2023-week-4-sp%2B-rankings-takeaways,2023-09-24T09:00:00-04:00,2023-09-24T09:00:00-04:00,0233e6ee072b577c7c41c23467b53ce847c25e731390919061f2496c180b6fb5,2023-09-24T09:00:00-04:00,NCAAF v0.6 frozen production logic,943a78d33262da5cfec4b3490cf62ed35b839a1a424a2fe5f33bb23d27f8931b
401531882,2023,5,2023-10-01T00:00:00.000Z,UL Monroe,App State,UL Monroe,home,DraftKings,CFBD /lines archival DraftKings,13.5,,False,13.5,13.0,-13.0,0.5,No Play,No Play,52,0.0,NCAAF Spread Model v0.6 Backtested Edge Window | Recommendation: No Play | Confidence: 52 | Home Tier: Historical weekly SP+ snapshot; Away Tier: Historical weekly SP+ snapshot; Home Source: Bill Connelly ESPN post-Week 4 SP+; Away Source: Bill Connelly ESPN post-Week 4 SP+,40,41,-1,12.0,12.0,12.5,win,2023,5,ESPN,Bill Connelly ESPN post-Week 4 SP+,https://www.espn.com/college-football/insider/story/_/id/38478223/college-football-2023-week-4-sp%2B-rankings-takeaways,2023-09-24T09:00:00-04:00,2023-09-24T09:00:00-04:00,0233e6ee072b577c7c41c23467b53ce847c25e731390919061f2496c180b6fb5,2023-09-24T09:00:00-04:00,NCAAF v0.6 frozen production logic,943a78d33262da5cfec4b3490cf62ed35b839a1a424a2fe5f33bb23d27f8931b
401532589,2023,5,2023-10-01T00:00:00.000Z,Air Force,San Diego State,Air Force,home,DraftKings,CFBD /lines archival DraftKings,-10.5,,False,-10.5,-16.5,16.5,6.0,Value,Review Only,74,0.0,NCAAF Spread Model v0.6 Backtested Edge Window | Recommendation: Value | Confidence: 74 | Home Tier: Historical weekly SP+ snapshot; Away Tier: Historical weekly SP+ snapshot; Home Source: Bill Connelly ESPN post-Week 4 SP+; Away Source: Bill Connelly ESPN post-Week 4 SP+ | Guards: below backtested actionable window,49,10,39,22.5,22.5,28.5,win,2023,5,ESPN,Bill Connelly ESPN post-Week 4 SP+,https://www.espn.com/college-football/insider/story/_/id/38478223/college-football-2023-week-4-sp%2B-rankings-takeaways,2023-09-24T09:00:00-04:00,2023-09-24T09:00:00-04:00,0233e6ee072b577c7c41c23467b53ce847c25e731390919061f2496c180b6fb5,2023-09-24T09:00:00-04:00,NCAAF v0.6 frozen production logic,943a78d33262da5cfec4b3490cf62ed35b839a1a424a2fe5f33bb23d27f8931b
401520285,2023,5,2023-10-01T01:00:00.000Z,Mississippi State,Alabama,Alabama,away,DraftKings,CFBD /lines archival DraftKings,-14.5,,False,-11.5,-15.2,15.2,0.7,No Play,No Play,52,0.0,NCAAF Spread Model v0.6 Backtested Edge Window | Recommendation: No Play | Confidence: 52 | Home Tier: Historical weekly SP+ snapshot; Away Tier: Historical weekly SP+ snapshot; Home Source: Bill Connelly ESPN post-Week 4 SP+; Away Source: Bill Connelly ESPN post-Week 4 SP+,17,40,23,7.8,7.8,8.5,win,2023,5,ESPN,Bill Connelly ESPN post-Week 4 SP+,https://www.espn.com/college-football/insider/story/_/id/38478223/college-football-2023-week-4-sp%2B-rankings-takeaways,2023-09-24T09:00:00-04:00,2023-09-24T09:00:00-04:00,0233e6ee072b577c7c41c23467b53ce847c25e731390919061f2496c180b6fb5,2023-09-24T09:00:00-04:00,NCAAF v0.6 frozen production logic,943a78d33262da5cfec4b3490cf62ed35b839a1a424a2fe5f33bb23d27f8931b
401524021,2023,5,2023-10-01T02:00:00.000Z,Arizona,Washington,Arizona,home,DraftKings,CFBD /lines archival DraftKings,20.0,,False,18.0,18.1,-18.1,1.9,Watch,Review Only,57,0.0,NCAAF Spread Model v0.6 Backtested Edge Window | Recommendation: Watch | Confidence: 57 | Home Tier: Historical weekly SP+ snapshot; Away Tier: Historical weekly SP+ snapshot; Home Source: Bill Connelly ESPN post-Week 4 SP+; Away Source: Bill Connelly ESPN post-Week 4 SP+,24,31,-7,11.1,11.1,13.0,win,2023,5,ESPN,Bill Connelly ESPN post-Week 4 SP+,https://www.espn.com/college-football/insider/story/_/id/38478223/college-football-2023-week-4-sp%2B-rankings-takeaways,2023-09-24T09:00:00-04:00,2023-09-24T09:00:00-04:00,0233e6ee072b577c7c41c23467b53ce847c25e731390919061f2496c180b6fb5,2023-09-24T09:00:00-04:00,NCAAF v0.6 frozen production logic,943a78d33262da5cfec4b3490cf62ed35b839a1a424a2fe5f33bb23d27f8931b
401532587,2023,5,2023-10-01T02:30:00.000Z,Fresno State,Nevada,Fresno State,home,DraftKings,CFBD /lines archival DraftKings,-24.5,,False,-24.5,-28.5,28.5,4.0,Value,Review Only,66,0.0,NCAAF Spread Model v0.6 Backtested Edge Window | Recommendation: Value | Confidence: 66 | Home Tier: Historical weekly SP+ snapshot; Away Tier: Historical weekly SP+ snapshot; Home Source: Bill Connelly ESPN post-Week 4 SP+; Away Source: Bill Connelly ESPN post-Week 4 SP+ | Guards: below backtested actionable window,27,9,18,-10.5,10.5,6.5,loss,2023,5,ESPN,Bill Connelly ESPN post-Week 4 SP+,https://www.espn.com/college-football/insider/story/_/id/38478223/college-football-2023-week-4-sp%2B-rankings-takeaways,2023-09-24T09:00:00-04:00,2023-09-24T09:00:00-04:00,0233e6ee072b577c7c41c23467b53ce847c25e731390919061f2496c180b6fb5,2023-09-24T09:00:00-04:00,NCAAF v0.6 frozen production logic,943a78d33262da5cfec4b3490cf62ed35b839a1a424a2fe5f33bb23d27f8931b
