event_id,home,away,static_home_margin,weekly_home_margin,abs_line_change,static_abs_error,weekly_abs_error,static_signed_error,weekly_signed_error,archival_abs_error,static_edge,weekly_edge,static_edge_bucket,weekly_edge_bucket,static_rec,weekly_rec,static_model_play,weekly_model_play
401520277,Western Kentucky,Middle Tennessee,11.1,9.6,1.5,9.9,11.4,-9.9,-11.4,14.0,4.1,2.6,4.0–6.9,2.0–3.9,Value,Lean,False,False
401531339,Tulsa,Temple,9.3,5.1,4.200000000000001,12.7,16.9,-12.7,-16.9,19.0,6.3,2.1,4.0–6.9,2.0–3.9,Value,Lean,False,False
401525512,NC State,Louisville,0.2999999999999998,-7.200000000000001,7.500000000000001,3.3,4.200000000000001,3.3,-4.200000000000001,0.5,3.8,3.7,2.0–3.9,2.0–3.9,Lean,Lean,False,False
401520278,UTEP,Louisiana Tech,9.600000000000001,-0.5,10.100000000000001,23.6,13.5,23.6,13.5,15.0,8.6,1.5,7.0–9.9,1.0–1.9,Value,Watch,True,False
401524020,Oregon State,Utah,-2.3999999999999986,1.5,3.8999999999999986,16.4,12.5,-16.4,-12.5,10.5,5.9,2.0,4.0–6.9,2.0–3.9,Value,Lean,False,False
401525851,BYU,Cincinnati,-12.0,2.9,14.9,20.0,5.1,-20.0,-5.1,10.0,10.0,4.9,10.0+,4.0–6.9,Value,Value,False,False
401520279,Arkansas,Texas A&M,5.4,-8.3,13.700000000000001,17.4,3.6999999999999993,17.4,3.6999999999999993,6.0,11.4,2.3,10.0+,2.0–3.9,Value,Lean,False,False
401520282,Kentucky,Florida,5.1,5.299999999999999,0.1999999999999993,13.9,13.700000000000001,-13.9,-13.700000000000001,17.5,3.6,3.8,2.0–3.9,2.0–3.9,Lean,Lean,False,False
401520284,Minnesota,Louisiana,16.5,5.0,11.5,5.5,6.0,5.5,-6.0,0.0,5.5,6.0,4.0–6.9,4.0–6.9,Value,Value,False,False
401520287,Northwestern,Penn State,-33.3,-28.200000000000003,5.099999999999994,5.299999999999997,0.20000000000000284,-5.299999999999997,-0.20000000000000284,1.0,6.3,1.2,4.0–6.9,1.0–1.9,Value,Watch,False,False
401520292,UConn,Utah State,1.200000000000001,-8.399999999999999,9.6,2.200000000000001,7.399999999999999,2.200000000000001,-7.399999999999999,5.0,7.2,2.4,7.0–9.9,2.0–3.9,Value,Lean,True,False
401524023,Colorado,USC,-36.8,-26.200000000000003,10.599999999999994,29.799999999999997,19.200000000000003,-29.799999999999997,-19.200000000000003,14.5,15.3,4.7,10.0+,4.0–6.9,Value,Value,False,False
401525514,Syracuse,Clemson,-12.600000000000001,-2.0000000000000018,10.6,4.399999999999999,14.999999999999998,4.399999999999999,14.999999999999998,10.5,6.1,4.5,4.0–6.9,4.0–6.9,Value,Value,False,False
401531370,Tulane,UAB,15.4,23.1,7.700000000000001,3.4000000000000004,11.100000000000001,3.4000000000000004,11.100000000000001,9.5,6.1,1.6,4.0–6.9,1.0–1.9,Value,Watch,False,False
401531880,James Madison,South Alabama,-1.8000000000000007,3.7,5.500000000000001,9.8,4.3,-9.8,-4.3,5.0,4.8,0.7,4.0–6.9,<1.0,Value,No Play,False,False
401532412,Akron,Buffalo,-11.7,0.8000000000000007,12.5,8.7,3.8000000000000007,-8.7,3.8000000000000007,5.5,14.2,1.7,10.0+,1.0–1.9,Value,Watch,False,False
401532410,Central Michigan,Eastern Michigan,-4.4,-0.10000000000000142,4.299999999999999,7.4,3.1000000000000014,-7.4,-3.1000000000000014,4.5,11.9,7.6,10.0+,7.0–9.9,Value,Value,False,True
401525513,Boston College,Virginia,-3.4000000000000004,3.200000000000001,6.600000000000001,6.4,0.20000000000000107,-6.4,0.20000000000000107,0.5,6.9,0.3,4.0–6.9,<1.0,Value,No Play,False,False
401532413,Kent State,Miami (OH),2.0999999999999996,-15.299999999999997,17.4,22.1,4.700000000000003,22.1,4.700000000000003,5.5,16.6,0.8,10.0+,<1.0,Value,No Play,False,False
401524022,California,Arizona State,3.5999999999999996,12.0,8.4,0.5999999999999996,9.0,0.5999999999999996,9.0,9.5,8.9,0.5,7.0–9.9,<1.0,Value,No Play,True,False
401520280,Auburn,Georgia,-27.699999999999996,-14.600000000000001,13.099999999999994,20.699999999999996,7.600000000000001,-20.699999999999996,-7.600000000000001,7.0,13.7,0.6,10.0+,<1.0,Value,No Play,False,False
401520283,Maryland,Indiana,20.799999999999997,21.3,0.5000000000000036,6.200000000000003,5.699999999999999,-6.200000000000003,-5.699999999999999,13.0,6.8,7.3,4.0–6.9,7.0–9.9,Value,Value,False,True
401520286,Nebraska,Michigan,-30.700000000000003,-22.3,8.400000000000002,7.299999999999997,15.7,7.299999999999997,15.7,21.0,13.7,5.3,10.0+,4.0–6.9,Value,Value,False,False
401520289,Purdue,Illinois,-5.699999999999999,-4.6,1.0999999999999996,30.7,29.6,-30.7,-29.6,24.0,6.7,5.6,4.0–6.9,4.0–6.9,Value,Value,False,False
401525515,Georgia Tech,Bowling Green,8.8,18.7,9.899999999999999,19.8,29.7,19.8,29.7,33.0,13.2,3.3,10.0+,2.0–3.9,Value,Lean,False,False
401525854,Texas,Kansas,22.700000000000003,19.4,3.3000000000000043,3.299999999999997,6.600000000000001,-3.299999999999997,-6.600000000000001,9.5,6.2,2.9,4.0–6.9,2.0–3.9,Value,Lean,False,False
401525855,Texas Tech,Houston,6.5,11.1,4.6,14.5,9.9,-14.5,-9.9,12.5,2.0,2.6,2.0–3.9,2.0–3.9,Lean,Lean,False,False
401525856,UCF,Baylor,1.1000000000000014,13.9,12.799999999999999,2.1000000000000014,14.9,2.1000000000000014,14.9,13.5,11.4,1.4,10.0+,1.0–1.9,Value,Watch,False,False
401526836,Massachusetts,Arkansas State,-14.8,-0.10000000000000142,14.7,9.2,23.9,9.2,23.9,25.0,15.8,1.1,10.0+,1.0–1.9,Value,Watch,False,False
401531424,Navy,South Florida,12.3,1.6999999999999993,10.600000000000001,26.3,15.7,26.3,15.7,17.0,9.3,1.3,7.0–9.9,1.0–1.9,Value,Watch,True,False
401531881,Marshall,Old Dominion,18.5,13.5,5.0,12.5,7.5,12.5,7.5,8.0,4.5,0.5,4.0–6.9,<1.0,Value,No Play,False,False
401532409,Western Michigan,Ball State,0.09999999999999964,2.099999999999998,1.9999999999999982,17.9,15.900000000000002,-17.9,-15.900000000000002,16.5,1.4,0.6,1.0–1.9,<1.0,Watch,No Play,False,False
401532411,Toledo,Northern Illinois,17.6,22.400000000000002,4.800000000000001,15.600000000000001,20.400000000000002,15.600000000000001,20.400000000000002,11.0,4.6,9.4,4.0–6.9,7.0–9.9,Value,Value,False,True
401520293,Vanderbilt,Missouri,-10.3,-14.100000000000001,3.8000000000000007,6.699999999999999,2.8999999999999986,6.699999999999999,2.8999999999999986,3.5,3.2,0.6,2.0–3.9,<1.0,Lean,No Play,False,False
401531429,Memphis,Boise State,3.5999999999999996,7.2,3.6000000000000005,0.5999999999999996,4.2,0.5999999999999996,4.2,0.5,0.1,3.7,<1.0,2.0–3.9,No Play,Lean,False,False
401532586,UNLV,Hawai'i,15.299999999999999,10.7,4.6,8.700000000000001,13.3,-8.700000000000001,-13.3,13.0,4.3,0.3,4.0–6.9,<1.0,Value,No Play,False,False
401532588,Wyoming,New Mexico,18.599999999999998,12.100000000000001,6.4999999999999964,9.599999999999998,3.1000000000000014,9.599999999999998,3.1000000000000014,5.0,4.6,1.9,4.0–6.9,1.0–1.9,Value,Watch,False,False
401520288,Ole Miss,LSU,2.5,2.200000000000001,0.29999999999999893,3.5,3.799999999999999,-3.5,-3.799999999999999,8.5,5.0,4.7,4.0–6.9,4.0–6.9,Value,Value,False,False
401524024,Stanford,Oregon,-23.599999999999998,-31.1,7.5000000000000036,12.400000000000002,4.899999999999999,12.400000000000002,4.899999999999999,9.0,3.4,4.1,2.0–3.9,4.0–6.9,Lean,Value,False,False
401525852,Oklahoma,Iowa State,12.600000000000001,20.8,8.2,17.4,9.2,-17.4,-9.2,10.0,7.4,0.8,7.0–9.9,<1.0,Value,No Play,True,False
401531414,Rice,East Carolina,-13.8,0.8999999999999986,14.7,20.8,6.100000000000001,-20.8,-6.100000000000001,3.5,17.3,2.6,10.0+,2.0–3.9,Value,Lean,False,False
401531878,Georgia Southern,Coastal Carolina,-4.5,-2.3,2.2,14.5,12.3,-14.5,-12.3,3.5,11.0,8.8,10.0+,7.0–9.9,Value,Value,False,True
401531879,Georgia State,Troy,-8.899999999999999,3.1,11.999999999999998,12.100000000000001,24.1,12.100000000000001,24.1,22.5,10.4,1.6,10.0+,1.0–1.9,Value,Watch,False,False
401531883,Southern Miss,Texas State,10.5,-3.0999999999999996,13.6,24.5,10.9,24.5,10.9,9.0,15.5,1.9,10.0+,1.0–1.9,Value,Watch,False,False
401520281,Iowa,Michigan State,14.0,8.0,6.0,4.0,2.0,4.0,-2.0,2.5,1.5,4.5,1.0–1.9,4.0–6.9,Watch,Value,False,False
401520291,Tennessee,South Carolina,15.0,14.099999999999998,0.9000000000000021,6.0,6.900000000000002,-6.0,-6.900000000000002,8.5,2.5,1.6,2.0–3.9,1.0–1.9,Lean,Watch,False,False
401525438,Duke,Notre Dame,-2.8000000000000007,-2.5999999999999996,0.20000000000000107,4.199999999999999,4.4,4.199999999999999,4.4,1.5,2.7,2.9,2.0–3.9,2.0–3.9,Lean,Lean,False,False
401531404,SMU,Charlotte,23.599999999999998,23.5,0.09999999999999787,5.599999999999998,5.5,5.599999999999998,5.5,5.5,0.1,0.0,<1.0,<1.0,No Play,No Play,False,False
401525516,Virginia Tech,Pittsburgh,-15.600000000000001,-5.699999999999999,9.900000000000002,32.6,22.7,-32.6,-22.7,19.5,13.1,3.2,10.0+,2.0–3.9,Value,Lean,False,False
401525853,TCU,West Virginia,24.400000000000002,14.0,10.400000000000002,27.400000000000002,17.0,27.400000000000002,17.0,15.5,11.9,1.5,10.0+,1.0–1.9,Value,Watch,False,False
401531882,UL Monroe,App State,-14.899999999999999,-13.0,1.8999999999999986,13.899999999999999,12.0,-13.899999999999999,-12.0,12.5,1.4,0.5,1.0–1.9,<1.0,Watch,No Play,False,False
401532589,Air Force,San Diego State,10.8,16.5,5.699999999999999,28.2,22.5,-28.2,-22.5,28.5,0.3,6.0,<1.0,4.0–6.9,No Play,Value,False,False
401520285,Mississippi State,Alabama,-12.4,-15.200000000000003,2.8000000000000025,10.6,7.799999999999997,10.6,7.799999999999997,8.5,2.1,0.7,2.0–3.9,<1.0,Lean,No Play,False,False
401524021,Arizona,Washington,-16.4,-18.1,1.7000000000000028,9.399999999999999,11.100000000000001,-9.399999999999999,-11.100000000000001,13.0,3.6,1.9,2.0–3.9,1.0–1.9,Lean,Watch,False,False
401532587,Fresno State,Nevada,28.2,28.5,0.3000000000000007,10.2,10.5,10.2,10.5,6.5,3.7,4.0,2.0–3.9,4.0–6.9,Lean,Value,False,False
