season,display_team,model_team,classification,source,source_url,notes
2023,Air Force,Air Force,fbs,CFBD teams/fbs 2023,https://api.collegefootballdata.com/teams/fbs?year=2023,Historical 2023 FBS eligibility; model_team matches archived ESPN SP+ key.
2023,Akron,Akron,fbs,CFBD teams/fbs 2023,https://api.collegefootballdata.com/teams/fbs?year=2023,Historical 2023 FBS eligibility; model_team matches archived ESPN SP+ key.
2023,Alabama,Alabama,fbs,CFBD teams/fbs 2023,https://api.collegefootballdata.com/teams/fbs?year=2023,Historical 2023 FBS eligibility; model_team matches archived ESPN SP+ key.
2023,App State,App. St.,fbs,CFBD teams/fbs 2023,https://api.collegefootballdata.com/teams/fbs?year=2023,Historical 2023 FBS eligibility; model_team matches archived ESPN SP+ key.
2023,Arizona,Arizona,fbs,CFBD teams/fbs 2023,https://api.collegefootballdata.com/teams/fbs?year=2023,Historical 2023 FBS eligibility; model_team matches archived ESPN SP+ key.
2023,Arizona State,Arizona St.,fbs,CFBD teams/fbs 2023,https://api.collegefootballdata.com/teams/fbs?year=2023,Historical 2023 FBS eligibility; model_team matches archived ESPN SP+ key.
2023,Arkansas,Arkansas,fbs,CFBD teams/fbs 2023,https://api.collegefootballdata.com/teams/fbs?year=2023,Historical 2023 FBS eligibility; model_team matches archived ESPN SP+ key.
2023,Arkansas State,Arkansas St.,fbs,CFBD teams/fbs 2023,https://api.collegefootballdata.com/teams/fbs?year=2023,Historical 2023 FBS eligibility; model_team matches archived ESPN SP+ key.
2023,Army,Army,fbs,CFBD teams/fbs 2023,https://api.collegefootballdata.com/teams/fbs?year=2023,Historical 2023 FBS eligibility; model_team matches archived ESPN SP+ key.
2023,Auburn,Auburn,fbs,CFBD teams/fbs 2023,https://api.collegefootballdata.com/teams/fbs?year=2023,Historical 2023 FBS eligibility; model_team matches archived ESPN SP+ key.
2023,BYU,BYU,fbs,CFBD teams/fbs 2023,https://api.collegefootballdata.com/teams/fbs?year=2023,Historical 2023 FBS eligibility; model_team matches archived ESPN SP+ key.
2023,Ball State,Ball St.,fbs,CFBD teams/fbs 2023,https://api.collegefootballdata.com/teams/fbs?year=2023,Historical 2023 FBS eligibility; model_team matches archived ESPN SP+ key.
2023,Baylor,Baylor,fbs,CFBD teams/fbs 2023,https://api.collegefootballdata.com/teams/fbs?year=2023,Historical 2023 FBS eligibility; model_team matches archived ESPN SP+ key.
2023,Boise State,Boise St.,fbs,CFBD teams/fbs 2023,https://api.collegefootballdata.com/teams/fbs?year=2023,Historical 2023 FBS eligibility; model_team matches archived ESPN SP+ key.
2023,Boston College,Boston Coll.,fbs,CFBD teams/fbs 2023,https://api.collegefootballdata.com/teams/fbs?year=2023,Historical 2023 FBS eligibility; model_team matches archived ESPN SP+ key.
2023,Bowling Green,BGSU,fbs,CFBD teams/fbs 2023,https://api.collegefootballdata.com/teams/fbs?year=2023,Historical 2023 FBS eligibility; model_team matches archived ESPN SP+ key.
2023,Buffalo,Buffalo,fbs,CFBD teams/fbs 2023,https://api.collegefootballdata.com/teams/fbs?year=2023,Historical 2023 FBS eligibility; model_team matches archived ESPN SP+ key.
2023,California,California,fbs,CFBD teams/fbs 2023,https://api.collegefootballdata.com/teams/fbs?year=2023,Historical 2023 FBS eligibility; model_team matches archived ESPN SP+ key.
2023,Central Michigan,CMU,fbs,CFBD teams/fbs 2023,https://api.collegefootballdata.com/teams/fbs?year=2023,Historical 2023 FBS eligibility; model_team matches archived ESPN SP+ key.
2023,Charlotte,Charlotte,fbs,CFBD teams/fbs 2023,https://api.collegefootballdata.com/teams/fbs?year=2023,Historical 2023 FBS eligibility; model_team matches archived ESPN SP+ key.
2023,Cincinnati,Cincinnati,fbs,CFBD teams/fbs 2023,https://api.collegefootballdata.com/teams/fbs?year=2023,Historical 2023 FBS eligibility; model_team matches archived ESPN SP+ key.
2023,Clemson,Clemson,fbs,CFBD teams/fbs 2023,https://api.collegefootballdata.com/teams/fbs?year=2023,Historical 2023 FBS eligibility; model_team matches archived ESPN SP+ key.
2023,Coastal Carolina,Coastal Caro.,fbs,CFBD teams/fbs 2023,https://api.collegefootballdata.com/teams/fbs?year=2023,Historical 2023 FBS eligibility; model_team matches archived ESPN SP+ key.
2023,Colorado,Colorado,fbs,CFBD teams/fbs 2023,https://api.collegefootballdata.com/teams/fbs?year=2023,Historical 2023 FBS eligibility; model_team matches archived ESPN SP+ key.
2023,Colorado State,Colorado St.,fbs,CFBD teams/fbs 2023,https://api.collegefootballdata.com/teams/fbs?year=2023,Historical 2023 FBS eligibility; model_team matches archived ESPN SP+ key.
2023,Duke,Duke,fbs,CFBD teams/fbs 2023,https://api.collegefootballdata.com/teams/fbs?year=2023,Historical 2023 FBS eligibility; model_team matches archived ESPN SP+ key.
2023,East Carolina,ECU,fbs,CFBD teams/fbs 2023,https://api.collegefootballdata.com/teams/fbs?year=2023,Historical 2023 FBS eligibility; model_team matches archived ESPN SP+ key.
2023,Eastern Michigan,EMU,fbs,CFBD teams/fbs 2023,https://api.collegefootballdata.com/teams/fbs?year=2023,Historical 2023 FBS eligibility; model_team matches archived ESPN SP+ key.
2023,Florida,Florida,fbs,CFBD teams/fbs 2023,https://api.collegefootballdata.com/teams/fbs?year=2023,Historical 2023 FBS eligibility; model_team matches archived ESPN SP+ key.
2023,Florida Atlantic,FAU,fbs,CFBD teams/fbs 2023,https://api.collegefootballdata.com/teams/fbs?year=2023,Historical 2023 FBS eligibility; model_team matches archived ESPN SP+ key.
2023,Florida International,FIU,fbs,CFBD teams/fbs 2023,https://api.collegefootballdata.com/teams/fbs?year=2023,Historical 2023 FBS eligibility; model_team matches archived ESPN SP+ key.
2023,Florida State,Florida St.,fbs,CFBD teams/fbs 2023,https://api.collegefootballdata.com/teams/fbs?year=2023,Historical 2023 FBS eligibility; model_team matches archived ESPN SP+ key.
2023,Fresno State,Fresno St.,fbs,CFBD teams/fbs 2023,https://api.collegefootballdata.com/teams/fbs?year=2023,Historical 2023 FBS eligibility; model_team matches archived ESPN SP+ key.
2023,Georgia,Georgia,fbs,CFBD teams/fbs 2023,https://api.collegefootballdata.com/teams/fbs?year=2023,Historical 2023 FBS eligibility; model_team matches archived ESPN SP+ key.
2023,Georgia Southern,Ga. Southern,fbs,CFBD teams/fbs 2023,https://api.collegefootballdata.com/teams/fbs?year=2023,Historical 2023 FBS eligibility; model_team matches archived ESPN SP+ key.
2023,Georgia State,Georgia St.,fbs,CFBD teams/fbs 2023,https://api.collegefootballdata.com/teams/fbs?year=2023,Historical 2023 FBS eligibility; model_team matches archived ESPN SP+ key.
2023,Georgia Tech,Ga. Tech,fbs,CFBD teams/fbs 2023,https://api.collegefootballdata.com/teams/fbs?year=2023,Historical 2023 FBS eligibility; model_team matches archived ESPN SP+ key.
2023,Hawai'i,Hawaii,fbs,CFBD teams/fbs 2023,https://api.collegefootballdata.com/teams/fbs?year=2023,Historical 2023 FBS eligibility; model_team matches archived ESPN SP+ key.
2023,Houston,Houston,fbs,CFBD teams/fbs 2023,https://api.collegefootballdata.com/teams/fbs?year=2023,Historical 2023 FBS eligibility; model_team matches archived ESPN SP+ key.
2023,Illinois,Illinois,fbs,CFBD teams/fbs 2023,https://api.collegefootballdata.com/teams/fbs?year=2023,Historical 2023 FBS eligibility; model_team matches archived ESPN SP+ key.
2023,Indiana,Indiana,fbs,CFBD teams/fbs 2023,https://api.collegefootballdata.com/teams/fbs?year=2023,Historical 2023 FBS eligibility; model_team matches archived ESPN SP+ key.
2023,Iowa,Iowa,fbs,CFBD teams/fbs 2023,https://api.collegefootballdata.com/teams/fbs?year=2023,Historical 2023 FBS eligibility; model_team matches archived ESPN SP+ key.
2023,Iowa State,Iowa St.,fbs,CFBD teams/fbs 2023,https://api.collegefootballdata.com/teams/fbs?year=2023,Historical 2023 FBS eligibility; model_team matches archived ESPN SP+ key.
2023,Jacksonville State,JSU,fbs,CFBD teams/fbs 2023,https://api.collegefootballdata.com/teams/fbs?year=2023,Historical 2023 FBS eligibility; model_team matches archived ESPN SP+ key.
2023,James Madison,JMU,fbs,CFBD teams/fbs 2023,https://api.collegefootballdata.com/teams/fbs?year=2023,Historical 2023 FBS eligibility; model_team matches archived ESPN SP+ key.
2023,Kansas,Kansas,fbs,CFBD teams/fbs 2023,https://api.collegefootballdata.com/teams/fbs?year=2023,Historical 2023 FBS eligibility; model_team matches archived ESPN SP+ key.
2023,Kansas State,Kansas St.,fbs,CFBD teams/fbs 2023,https://api.collegefootballdata.com/teams/fbs?year=2023,Historical 2023 FBS eligibility; model_team matches archived ESPN SP+ key.
2023,Kent State,Kent St.,fbs,CFBD teams/fbs 2023,https://api.collegefootballdata.com/teams/fbs?year=2023,Historical 2023 FBS eligibility; model_team matches archived ESPN SP+ key.
2023,Kentucky,Kentucky,fbs,CFBD teams/fbs 2023,https://api.collegefootballdata.com/teams/fbs?year=2023,Historical 2023 FBS eligibility; model_team matches archived ESPN SP+ key.
2023,LSU,LSU,fbs,CFBD teams/fbs 2023,https://api.collegefootballdata.com/teams/fbs?year=2023,Historical 2023 FBS eligibility; model_team matches archived ESPN SP+ key.
2023,Liberty,Liberty,fbs,CFBD teams/fbs 2023,https://api.collegefootballdata.com/teams/fbs?year=2023,Historical 2023 FBS eligibility; model_team matches archived ESPN SP+ key.
2023,Louisiana,Louisiana,fbs,CFBD teams/fbs 2023,https://api.collegefootballdata.com/teams/fbs?year=2023,Historical 2023 FBS eligibility; model_team matches archived ESPN SP+ key.
2023,Louisiana Tech,La. Tech,fbs,CFBD teams/fbs 2023,https://api.collegefootballdata.com/teams/fbs?year=2023,Historical 2023 FBS eligibility; model_team matches archived ESPN SP+ key.
2023,Louisville,Louisville,fbs,CFBD teams/fbs 2023,https://api.collegefootballdata.com/teams/fbs?year=2023,Historical 2023 FBS eligibility; model_team matches archived ESPN SP+ key.
2023,Marshall,Marshall,fbs,CFBD teams/fbs 2023,https://api.collegefootballdata.com/teams/fbs?year=2023,Historical 2023 FBS eligibility; model_team matches archived ESPN SP+ key.
2023,Maryland,Maryland,fbs,CFBD teams/fbs 2023,https://api.collegefootballdata.com/teams/fbs?year=2023,Historical 2023 FBS eligibility; model_team matches archived ESPN SP+ key.
2023,Massachusetts,UMass,fbs,CFBD teams/fbs 2023,https://api.collegefootballdata.com/teams/fbs?year=2023,Historical 2023 FBS eligibility; model_team matches archived ESPN SP+ key.
2023,Memphis,Memphis,fbs,CFBD teams/fbs 2023,https://api.collegefootballdata.com/teams/fbs?year=2023,Historical 2023 FBS eligibility; model_team matches archived ESPN SP+ key.
2023,Miami,Miami,fbs,CFBD teams/fbs 2023,https://api.collegefootballdata.com/teams/fbs?year=2023,Historical 2023 FBS eligibility; model_team matches archived ESPN SP+ key.
2023,Miami (OH),Miami-OH,fbs,CFBD teams/fbs 2023,https://api.collegefootballdata.com/teams/fbs?year=2023,Historical 2023 FBS eligibility; model_team matches archived ESPN SP+ key.
2023,Michigan,Michigan,fbs,CFBD teams/fbs 2023,https://api.collegefootballdata.com/teams/fbs?year=2023,Historical 2023 FBS eligibility; model_team matches archived ESPN SP+ key.
2023,Michigan State,Michigan St.,fbs,CFBD teams/fbs 2023,https://api.collegefootballdata.com/teams/fbs?year=2023,Historical 2023 FBS eligibility; model_team matches archived ESPN SP+ key.
2023,Middle Tennessee,MTSU,fbs,CFBD teams/fbs 2023,https://api.collegefootballdata.com/teams/fbs?year=2023,Historical 2023 FBS eligibility; model_team matches archived ESPN SP+ key.
2023,Minnesota,Minnesota,fbs,CFBD teams/fbs 2023,https://api.collegefootballdata.com/teams/fbs?year=2023,Historical 2023 FBS eligibility; model_team matches archived ESPN SP+ key.
2023,Mississippi State,Miss. St.,fbs,CFBD teams/fbs 2023,https://api.collegefootballdata.com/teams/fbs?year=2023,Historical 2023 FBS eligibility; model_team matches archived ESPN SP+ key.
2023,Missouri,Missouri,fbs,CFBD teams/fbs 2023,https://api.collegefootballdata.com/teams/fbs?year=2023,Historical 2023 FBS eligibility; model_team matches archived ESPN SP+ key.
2023,NC State,NC St.,fbs,CFBD teams/fbs 2023,https://api.collegefootballdata.com/teams/fbs?year=2023,Historical 2023 FBS eligibility; model_team matches archived ESPN SP+ key.
2023,Navy,Navy,fbs,CFBD teams/fbs 2023,https://api.collegefootballdata.com/teams/fbs?year=2023,Historical 2023 FBS eligibility; model_team matches archived ESPN SP+ key.
2023,Nebraska,Nebraska,fbs,CFBD teams/fbs 2023,https://api.collegefootballdata.com/teams/fbs?year=2023,Historical 2023 FBS eligibility; model_team matches archived ESPN SP+ key.
2023,Nevada,Nevada,fbs,CFBD teams/fbs 2023,https://api.collegefootballdata.com/teams/fbs?year=2023,Historical 2023 FBS eligibility; model_team matches archived ESPN SP+ key.
2023,New Mexico,New Mexico,fbs,CFBD teams/fbs 2023,https://api.collegefootballdata.com/teams/fbs?year=2023,Historical 2023 FBS eligibility; model_team matches archived ESPN SP+ key.
2023,New Mexico State,NMSU,fbs,CFBD teams/fbs 2023,https://api.collegefootballdata.com/teams/fbs?year=2023,Historical 2023 FBS eligibility; model_team matches archived ESPN SP+ key.
2023,North Carolina,N. Carolina,fbs,CFBD teams/fbs 2023,https://api.collegefootballdata.com/teams/fbs?year=2023,Historical 2023 FBS eligibility; model_team matches archived ESPN SP+ key.
2023,North Texas,N. Texas,fbs,CFBD teams/fbs 2023,https://api.collegefootballdata.com/teams/fbs?year=2023,Historical 2023 FBS eligibility; model_team matches archived ESPN SP+ key.
2023,Northern Illinois,NIU,fbs,CFBD teams/fbs 2023,https://api.collegefootballdata.com/teams/fbs?year=2023,Historical 2023 FBS eligibility; model_team matches archived ESPN SP+ key.
2023,Northwestern,Northwestern,fbs,CFBD teams/fbs 2023,https://api.collegefootballdata.com/teams/fbs?year=2023,Historical 2023 FBS eligibility; model_team matches archived ESPN SP+ key.
2023,Notre Dame,Notre Dame,fbs,CFBD teams/fbs 2023,https://api.collegefootballdata.com/teams/fbs?year=2023,Historical 2023 FBS eligibility; model_team matches archived ESPN SP+ key.
2023,Ohio,Ohio,fbs,CFBD teams/fbs 2023,https://api.collegefootballdata.com/teams/fbs?year=2023,Historical 2023 FBS eligibility; model_team matches archived ESPN SP+ key.
2023,Ohio State,Ohio St.,fbs,CFBD teams/fbs 2023,https://api.collegefootballdata.com/teams/fbs?year=2023,Historical 2023 FBS eligibility; model_team matches archived ESPN SP+ key.
2023,Oklahoma,Oklahoma,fbs,CFBD teams/fbs 2023,https://api.collegefootballdata.com/teams/fbs?year=2023,Historical 2023 FBS eligibility; model_team matches archived ESPN SP+ key.
2023,Oklahoma State,Oklahoma St.,fbs,CFBD teams/fbs 2023,https://api.collegefootballdata.com/teams/fbs?year=2023,Historical 2023 FBS eligibility; model_team matches archived ESPN SP+ key.
2023,Old Dominion,ODU,fbs,CFBD teams/fbs 2023,https://api.collegefootballdata.com/teams/fbs?year=2023,Historical 2023 FBS eligibility; model_team matches archived ESPN SP+ key.
2023,Ole Miss,Ole Miss,fbs,CFBD teams/fbs 2023,https://api.collegefootballdata.com/teams/fbs?year=2023,Historical 2023 FBS eligibility; model_team matches archived ESPN SP+ key.
2023,Oregon,Oregon,fbs,CFBD teams/fbs 2023,https://api.collegefootballdata.com/teams/fbs?year=2023,Historical 2023 FBS eligibility; model_team matches archived ESPN SP+ key.
2023,Oregon State,Oregon St.,fbs,CFBD teams/fbs 2023,https://api.collegefootballdata.com/teams/fbs?year=2023,Historical 2023 FBS eligibility; model_team matches archived ESPN SP+ key.
2023,Penn State,Penn St.,fbs,CFBD teams/fbs 2023,https://api.collegefootballdata.com/teams/fbs?year=2023,Historical 2023 FBS eligibility; model_team matches archived ESPN SP+ key.
2023,Pittsburgh,Pittsburgh,fbs,CFBD teams/fbs 2023,https://api.collegefootballdata.com/teams/fbs?year=2023,Historical 2023 FBS eligibility; model_team matches archived ESPN SP+ key.
2023,Purdue,Purdue,fbs,CFBD teams/fbs 2023,https://api.collegefootballdata.com/teams/fbs?year=2023,Historical 2023 FBS eligibility; model_team matches archived ESPN SP+ key.
2023,Rice,Rice,fbs,CFBD teams/fbs 2023,https://api.collegefootballdata.com/teams/fbs?year=2023,Historical 2023 FBS eligibility; model_team matches archived ESPN SP+ key.
2023,Rutgers,Rutgers,fbs,CFBD teams/fbs 2023,https://api.collegefootballdata.com/teams/fbs?year=2023,Historical 2023 FBS eligibility; model_team matches archived ESPN SP+ key.
2023,SMU,SMU,fbs,CFBD teams/fbs 2023,https://api.collegefootballdata.com/teams/fbs?year=2023,Historical 2023 FBS eligibility; model_team matches archived ESPN SP+ key.
2023,Sam Houston,SHSU,fbs,CFBD teams/fbs 2023,https://api.collegefootballdata.com/teams/fbs?year=2023,Historical 2023 FBS eligibility; model_team matches archived ESPN SP+ key.
2023,San Diego State,San Diego St.,fbs,CFBD teams/fbs 2023,https://api.collegefootballdata.com/teams/fbs?year=2023,Historical 2023 FBS eligibility; model_team matches archived ESPN SP+ key.
2023,San José State,San Jose St.,fbs,CFBD teams/fbs 2023,https://api.collegefootballdata.com/teams/fbs?year=2023,Historical 2023 FBS eligibility; model_team matches archived ESPN SP+ key.
2023,South Alabama,S. Alabama,fbs,CFBD teams/fbs 2023,https://api.collegefootballdata.com/teams/fbs?year=2023,Historical 2023 FBS eligibility; model_team matches archived ESPN SP+ key.
2023,South Carolina,S. Carolina,fbs,CFBD teams/fbs 2023,https://api.collegefootballdata.com/teams/fbs?year=2023,Historical 2023 FBS eligibility; model_team matches archived ESPN SP+ key.
2023,South Florida,USF,fbs,CFBD teams/fbs 2023,https://api.collegefootballdata.com/teams/fbs?year=2023,Historical 2023 FBS eligibility; model_team matches archived ESPN SP+ key.
2023,Southern Miss,So. Miss,fbs,CFBD teams/fbs 2023,https://api.collegefootballdata.com/teams/fbs?year=2023,Historical 2023 FBS eligibility; model_team matches archived ESPN SP+ key.
2023,Stanford,Stanford,fbs,CFBD teams/fbs 2023,https://api.collegefootballdata.com/teams/fbs?year=2023,Historical 2023 FBS eligibility; model_team matches archived ESPN SP+ key.
2023,Syracuse,Syracuse,fbs,CFBD teams/fbs 2023,https://api.collegefootballdata.com/teams/fbs?year=2023,Historical 2023 FBS eligibility; model_team matches archived ESPN SP+ key.
2023,TCU,TCU,fbs,CFBD teams/fbs 2023,https://api.collegefootballdata.com/teams/fbs?year=2023,Historical 2023 FBS eligibility; model_team matches archived ESPN SP+ key.
2023,Temple,Temple,fbs,CFBD teams/fbs 2023,https://api.collegefootballdata.com/teams/fbs?year=2023,Historical 2023 FBS eligibility; model_team matches archived ESPN SP+ key.
2023,Tennessee,Tennessee,fbs,CFBD teams/fbs 2023,https://api.collegefootballdata.com/teams/fbs?year=2023,Historical 2023 FBS eligibility; model_team matches archived ESPN SP+ key.
2023,Texas,Texas,fbs,CFBD teams/fbs 2023,https://api.collegefootballdata.com/teams/fbs?year=2023,Historical 2023 FBS eligibility; model_team matches archived ESPN SP+ key.
2023,Texas A&M,Texas A&M,fbs,CFBD teams/fbs 2023,https://api.collegefootballdata.com/teams/fbs?year=2023,Historical 2023 FBS eligibility; model_team matches archived ESPN SP+ key.
2023,Texas State,Texas St.,fbs,CFBD teams/fbs 2023,https://api.collegefootballdata.com/teams/fbs?year=2023,Historical 2023 FBS eligibility; model_team matches archived ESPN SP+ key.
2023,Texas Tech,Texas Tech,fbs,CFBD teams/fbs 2023,https://api.collegefootballdata.com/teams/fbs?year=2023,Historical 2023 FBS eligibility; model_team matches archived ESPN SP+ key.
2023,Toledo,Toledo,fbs,CFBD teams/fbs 2023,https://api.collegefootballdata.com/teams/fbs?year=2023,Historical 2023 FBS eligibility; model_team matches archived ESPN SP+ key.
2023,Troy,Troy,fbs,CFBD teams/fbs 2023,https://api.collegefootballdata.com/teams/fbs?year=2023,Historical 2023 FBS eligibility; model_team matches archived ESPN SP+ key.
2023,Tulane,Tulane,fbs,CFBD teams/fbs 2023,https://api.collegefootballdata.com/teams/fbs?year=2023,Historical 2023 FBS eligibility; model_team matches archived ESPN SP+ key.
2023,Tulsa,Tulsa,fbs,CFBD teams/fbs 2023,https://api.collegefootballdata.com/teams/fbs?year=2023,Historical 2023 FBS eligibility; model_team matches archived ESPN SP+ key.
2023,UAB,UAB,fbs,CFBD teams/fbs 2023,https://api.collegefootballdata.com/teams/fbs?year=2023,Historical 2023 FBS eligibility; model_team matches archived ESPN SP+ key.
2023,UCF,UCF,fbs,CFBD teams/fbs 2023,https://api.collegefootballdata.com/teams/fbs?year=2023,Historical 2023 FBS eligibility; model_team matches archived ESPN SP+ key.
2023,UCLA,UCLA,fbs,CFBD teams/fbs 2023,https://api.collegefootballdata.com/teams/fbs?year=2023,Historical 2023 FBS eligibility; model_team matches archived ESPN SP+ key.
2023,UConn,UConn,fbs,CFBD teams/fbs 2023,https://api.collegefootballdata.com/teams/fbs?year=2023,Historical 2023 FBS eligibility; model_team matches archived ESPN SP+ key.
2023,UL Monroe,ULM,fbs,CFBD teams/fbs 2023,https://api.collegefootballdata.com/teams/fbs?year=2023,Historical 2023 FBS eligibility; model_team matches archived ESPN SP+ key.
2023,UNLV,UNLV,fbs,CFBD teams/fbs 2023,https://api.collegefootballdata.com/teams/fbs?year=2023,Historical 2023 FBS eligibility; model_team matches archived ESPN SP+ key.
2023,USC,USC,fbs,CFBD teams/fbs 2023,https://api.collegefootballdata.com/teams/fbs?year=2023,Historical 2023 FBS eligibility; model_team matches archived ESPN SP+ key.
2023,UTEP,UTEP,fbs,CFBD teams/fbs 2023,https://api.collegefootballdata.com/teams/fbs?year=2023,Historical 2023 FBS eligibility; model_team matches archived ESPN SP+ key.
2023,UTSA,UTSA,fbs,CFBD teams/fbs 2023,https://api.collegefootballdata.com/teams/fbs?year=2023,Historical 2023 FBS eligibility; model_team matches archived ESPN SP+ key.
2023,Utah,Utah,fbs,CFBD teams/fbs 2023,https://api.collegefootballdata.com/teams/fbs?year=2023,Historical 2023 FBS eligibility; model_team matches archived ESPN SP+ key.
2023,Utah State,Utah St.,fbs,CFBD teams/fbs 2023,https://api.collegefootballdata.com/teams/fbs?year=2023,Historical 2023 FBS eligibility; model_team matches archived ESPN SP+ key.
2023,Vanderbilt,Vanderbilt,fbs,CFBD teams/fbs 2023,https://api.collegefootballdata.com/teams/fbs?year=2023,Historical 2023 FBS eligibility; model_team matches archived ESPN SP+ key.
2023,Virginia,Virginia,fbs,CFBD teams/fbs 2023,https://api.collegefootballdata.com/teams/fbs?year=2023,Historical 2023 FBS eligibility; model_team matches archived ESPN SP+ key.
2023,Virginia Tech,Va. Tech,fbs,CFBD teams/fbs 2023,https://api.collegefootballdata.com/teams/fbs?year=2023,Historical 2023 FBS eligibility; model_team matches archived ESPN SP+ key.
2023,Wake Forest,Wake Forest,fbs,CFBD teams/fbs 2023,https://api.collegefootballdata.com/teams/fbs?year=2023,Historical 2023 FBS eligibility; model_team matches archived ESPN SP+ key.
2023,Washington,Washington,fbs,CFBD teams/fbs 2023,https://api.collegefootballdata.com/teams/fbs?year=2023,Historical 2023 FBS eligibility; model_team matches archived ESPN SP+ key.
2023,Washington State,Wash. St.,fbs,CFBD teams/fbs 2023,https://api.collegefootballdata.com/teams/fbs?year=2023,Historical 2023 FBS eligibility; model_team matches archived ESPN SP+ key.
2023,West Virginia,W. Virginia,fbs,CFBD teams/fbs 2023,https://api.collegefootballdata.com/teams/fbs?year=2023,Historical 2023 FBS eligibility; model_team matches archived ESPN SP+ key.
2023,Western Kentucky,WKU,fbs,CFBD teams/fbs 2023,https://api.collegefootballdata.com/teams/fbs?year=2023,Historical 2023 FBS eligibility; model_team matches archived ESPN SP+ key.
2023,Western Michigan,WMU,fbs,CFBD teams/fbs 2023,https://api.collegefootballdata.com/teams/fbs?year=2023,Historical 2023 FBS eligibility; model_team matches archived ESPN SP+ key.
2023,Wisconsin,Wisconsin,fbs,CFBD teams/fbs 2023,https://api.collegefootballdata.com/teams/fbs?year=2023,Historical 2023 FBS eligibility; model_team matches archived ESPN SP+ key.
2023,Wyoming,Wyoming,fbs,CFBD teams/fbs 2023,https://api.collegefootballdata.com/teams/fbs?year=2023,Historical 2023 FBS eligibility; model_team matches archived ESPN SP+ key.
